page,clicks,impressions,ctr,position
https://somto.it/,33,167,19.76%,21.9
https://somto.it/film/profumo-storia-di-un-assassino-2006,0,40,0.00%,87.7
https://somto.it/terms.html,4,22,18.18%,2.0
https://somto.it/app-recensioni-film-serie.html,0,21,0.00%,12.0
https://somto.it/support.html,6,20,30.00%,2.4
https://somto.it/blog/serie-tv-simili-a-breaking-bad/,0,20,0.00%,10.3
https://somto.it/blog/,0,19,0.00%,24.6
https://somto.it/serie/santo-2022,0,19,0.00%,12.7
https://somto.it/film/il-grinch-2000,0,17,0.00%,81.0
https://somto.it/watchlist-film-serie.html,0,17,0.00%,4.9
https://somto.it/film/21-2008,0,16,0.00%,82.8
https://somto.it/privacy.html,2,15,13.33%,5.4
https://somto.it/film/enemy-2013,0,15,0.00%,74.1
https://somto.it/film/honor-society-2022,0,14,0.00%,58.4
https://somto.it/film/i-puffi-il-film-2025,0,14,0.00%,79.0
https://somto.it/film/aladdin-1992,0,12,0.00%,80.0
https://somto.it/cookies.html,1,11,9.09%,3.9
https://somto.it/film/eternals-2021,0,11,0.00%,82.7
https://somto.it/film/fury-2014,0,11,0.00%,83.9
https://somto.it/film/hamnet-2025,0,11,0.00%,67.7
https://somto.it/film/matilda-6-mitica-1996,0,10,0.00%,78.9
https://somto.it/film/the-equalizer-3-senza-tregua-2023,0,10,0.00%,89.6
https://somto.it/blog/migliori-film-2026/,0,9,0.00%,36.2
https://somto.it/film/2013,0,9,0.00%,5.0
https://somto.it/serie/for-all-mankind-2019,0,9,0.00%,8.1
https://somto.it/blog/migliori-app-tenere-traccia-film-serie-tv/,1,8,12.50%,4.9
https://somto.it/blog/serie-tv-simili-a-stranger-things/,0,8,0.00%,21.8
https://somto.it/film/l-ultimo-dei-mohicani-1992,0,8,0.00%,78.0
https://somto.it/serie/smallville-2001,0,8,0.00%,54.8
https://somto.it/blog/come-organizzare-watchlist-film-serie-tv/,0,7,0.00%,2.7
https://somto.it/film/dracula-di-bram-stoker-1992,0,7,0.00%,50.3
https://somto.it/film/le-crociate-kingdom-of-heaven-2005,0,7,0.00%,85.3
https://somto.it/film/sole-a-catinelle-2013,0,7,0.00%,92.9
https://somto.it/film/sopravvissuto-the-martian-2015,0,7,0.00%,96.7
https://somto.it/film/una-pallottola-spuntata-2025,0,7,0.00%,84.0
https://somto.it/serie/2026-12,0,7,0.00%,17.9
https://somto.it/serie/avvocato-ligas-2026,0,7,0.00%,92.0
https://somto.it/serie/nikita-2010,0,7,0.00%,47.9
https://somto.it/serie/teenage-mutant-ninja-turtles-tartarughe-ninja-2012,0,7,0.00%,66.6
https://somto.it/watchlist.html,0,7,0.00%,19.6
https://somto.it/blog/migliori-serie-tv-2026/,0,6,0.00%,3.3
https://somto.it/film/collateral-2004,0,6,0.00%,43.8
https://somto.it/film/dragon-la-storia-di-bruce-lee-1993,0,6,0.00%,72.3
https://somto.it/film/la-matassa-2009,0,6,0.00%,82.7
https://somto.it/film/settembre-2022,0,6,0.00%,84.7
https://somto.it/film/spider-man-2002,0,6,0.00%,86.3
https://somto.it/film/terminator-2-il-giorno-del-giudizio-1991,0,6,0.00%,70.0
https://somto.it/serie/i-dalton-2010,0,6,0.00%,58.7
https://somto.it/serie/mom-2013,0,6,0.00%,22.2
https://somto.it/serie/pablo-escobar-el-patron-del-mal-2012,0,6,0.00%,76.7
https://somto.it/serie/salem-2014,0,6,0.00%,53.5
https://somto.it/consigli-film-serie-amici.html,0,5,0.00%,5.2
https://somto.it/film/1996,0,5,0.00%,5.0
https://somto.it/film/2026-6,0,5,0.00%,42.0
https://somto.it/film/alpha-2025,0,5,0.00%,38.2
https://somto.it/film/black-hawk-down-black-hawk-abbattuto-2001,0,5,0.00%,80.4
https://somto.it/film/chernobyl-1986-2021,0,5,0.00%,68.2
https://somto.it/film/communion-1989,0,5,0.00%,22.4
https://somto.it/film/eva-2021,0,5,0.00%,80.0
https://somto.it/film/i-tre-moschettieri-d-artagnan-2023,0,5,0.00%,69.4
https://somto.it/film/il-banchetto-nuziale-2025,0,5,0.00%,72.2
https://somto.it/film/jungle-cruise-2021,0,5,0.00%,80.6
https://somto.it/film/l-impero-2024,0,5,0.00%,17.4
https://somto.it/film/neon-genesis-evangelion-the-end-of-evangelion-1997,0,5,0.00%,74.0
https://somto.it/film/real-life-1979,0,5,0.00%,18.6
https://somto.it/film/scream-vi-2023,0,5,0.00%,75.0
https://somto.it/film/splitsville-2025,0,5,0.00%,27.0
https://somto.it/film/the-moment-2026,0,5,0.00%,66.4
https://somto.it/serie/bojack-horseman-2014,0,5,0.00%,61.6
https://somto.it/serie/elite-2018,0,5,0.00%,59.4
https://somto.it/serie/fascino-fatale-2023,0,5,0.00%,73.4
https://somto.it/serie/merlin-2008,0,5,0.00%,90.8
https://somto.it/serie/powers-2015,0,5,0.00%,8.4
https://somto.it/serie/the-rifleman-1958,0,5,0.00%,94.4
https://somto.it/film/cappuccetto-rosso-1959,1,4,25.00%,53.8
https://somto.it/film/1991,0,4,0.00%,2.0
https://somto.it/film/2013-2,0,4,0.00%,34.0
https://somto.it/film/2023-3,0,4,0.00%,59.5
https://somto.it/film/anges-cie-2025,0,4,0.00%,7.5
https://somto.it/film/barbie-2023,0,4,0.00%,87.2
https://somto.it/film/believers-2022,0,4,0.00%,56.2
https://somto.it/film/bloodline-killer-2024,0,4,0.00%,1.8
https://somto.it/film/bogota-2024,0,4,0.00%,29.2
https://somto.it/film/captain-america-il-primo-vendicatore-2011,0,4,0.00%,75.5
https://somto.it/film/cortina-express-2024,0,4,0.00%,73.8
https://somto.it/film/dark-harvest-2023,0,4,0.00%,68.0
https://somto.it/film/deadpool-wolverine-2024,0,4,0.00%,70.0
https://somto.it/film/dickens-l-uomo-che-invento-il-natale-2017,0,4,0.00%,78.8
https://somto.it/film/dolly-2026,0,4,0.00%,58.2
https://somto.it/film/frost-2012,0,4,0.00%,76.2
https://somto.it/film/future-world-2018,0,4,0.00%,96.8
https://somto.it/film/giuseppe-1995,0,4,0.00%,75.2
https://somto.it/film/harry-potter-e-il-principe-mezzosangue-2009,0,4,0.00%,70.8
https://somto.it/film/hedda-2025,0,4,0.00%,49.5
https://somto.it/film/il-mulino-del-po-1949,0,4,0.00%,5.8
https://somto.it/film/julieta-2016,0,4,0.00%,11.2
https://somto.it/film/justice-league-2017,0,4,0.00%,64.8
https://somto.it/film/kissed-1996,0,4,0.00%,53.5
https://somto.it/film/l-amore-infedele-unfaithful-2002,0,4,0.00%,53.2
https://somto.it/film/la-carne-1991,0,4,0.00%,82.8
https://somto.it/film/lion-2019,0,4,0.00%,57.2
https://somto.it/film/monkey-shines-esperimento-nel-terrore-1988,0,4,0.00%,61.0
https://somto.it/film/muori-di-lei-2025,0,4,0.00%,92.0
https://somto.it/film/notte-prima-degli-esami-3-0-2026,0,4,0.00%,84.2
https://somto.it/film/omen-ii-la-maledizione-di-damien-1978,0,4,0.00%,65.8
https://somto.it/film/paddington-in-peru-2024,0,4,0.00%,3.5
https://somto.it/film/piglet-2025,0,4,0.00%,46.0
https://somto.it/film/purple-rain-1984,0,4,0.00%,71.8
https://somto.it/film/quinto-potere-1976,0,4,0.00%,66.2
https://somto.it/film/relay-informazioni-pericolose-2025,0,4,0.00%,56.2
https://somto.it/film/ruby-sparks-2012,0,4,0.00%,68.2
https://somto.it/film/space-time-2025,0,4,0.00%,60.8
https://somto.it/film/spider-man-un-nuovo-universo-2018,0,4,0.00%,91.2
https://somto.it/film/the-amazing-spider-man-2012,0,4,0.00%,75.2
https://somto.it/film/the-foreigner-2017,0,4,0.00%,78.5
https://somto.it/film/the-outfit-2022,0,4,0.00%,46.0
https://somto.it/film/the-punisher-2004,0,4,0.00%,75.2
https://somto.it/film/the-ticket-2016,0,4,0.00%,76.0
https://somto.it/film/the-twilight-saga-new-moon-2009,0,4,0.00%,81.8
https://somto.it/film/the-witcher-la-banda-dei-ratti-2025,0,4,0.00%,49.5
https://somto.it/film/transformers-one-2024,0,4,0.00%,87.5
https://somto.it/film/undertone-2026,0,4,0.00%,44.5
https://somto.it/film/upside-down-2012,0,4,0.00%,83.0
https://somto.it/film/zodiac-2007,0,4,0.00%,26.0
https://somto.it/serie/1983-2,0,4,0.00%,51.8
https://somto.it/serie/1988-3,0,4,0.00%,55.2
https://somto.it/serie/2010-4,0,4,0.00%,20.0
https://somto.it/serie/2018-3,0,4,0.00%,60.5
https://somto.it/serie/2024-23,0,4,0.00%,41.8
https://somto.it/serie/cin-cin-1982,0,4,0.00%,62.2
https://somto.it/serie/h-1998,0,4,0.00%,37.8
https://somto.it/serie/lycoris-recoil-2022,0,4,0.00%,76.2
https://somto.it/serie/ninja-kamui-2024,0,4,0.00%,82.0
https://somto.it/serie/revenge-2011,0,4,0.00%,19.0
https://somto.it/serie/shelter-2023,0,4,0.00%,12.2
https://somto.it/serie/silk-2011,0,4,0.00%,42.8
https://somto.it/serie/sorelle-sbagliate-2025,0,4,0.00%,74.0
https://somto.it/serie/spooks-2002,0,4,0.00%,13.8
https://somto.it/serie/streghe-1998,0,4,0.00%,73.8
https://somto.it/serie/super-wings-2014,0,4,0.00%,86.5
https://somto.it/serie/the-district-2000,0,4,0.00%,84.8
https://somto.it/serie/timeless-2016,0,4,0.00%,48.0
https://somto.it/serie/winx-club-2004,0,4,0.00%,85.0
https://somto.it/serie/young-justice-2010,0,4,0.00%,94.0
https://somto.it/blog/migliori-film-horror-da-vedere/,0,3,0.00%,31.3
https://somto.it/blog/migliori-serie-tv-crime-thriller/,0,3,0.00%,5.0
https://somto.it/blog/serie-tv-da-vedere-assolutamente/,0,3,0.00%,14.0
https://somto.it/film/1975,0,3,0.00%,4.7
https://somto.it/film/2006,0,3,0.00%,3.7
https://somto.it/film/2023-2,0,3,0.00%,31.3
https://somto.it/film/2025-29,0,3,0.00%,45.0
https://somto.it/film/2025-7,0,3,0.00%,48.0
https://somto.it/film/2026-5,0,3,0.00%,60.0
https://somto.it/film/5-seconds-of-summer-how-did-we-end-up-here-2015,0,3,0.00%,70.3
https://somto.it/film/a-i-intelligenza-artificiale-2001,0,3,0.00%,83.7
https://somto.it/film/ad-vitam-2025,0,3,0.00%,54.3
https://somto.it/film/ansiedad-1953,0,3,0.00%,51.3
https://somto.it/film/baramulla-2025,0,3,0.00%,39.0
https://somto.it/film/bee-movie-2007,0,3,0.00%,36.0
https://somto.it/film/brazil-1985,0,3,0.00%,81.0
https://somto.it/film/cambio-vita-2011,0,3,0.00%,90.7
https://somto.it/film/captain-phillips-attacco-in-mare-aperto-2013,0,3,0.00%,92.0
https://somto.it/film/cavalli-elettrici-2025,0,3,0.00%,93.3
https://somto.it/film/cenerentola-1950,0,3,0.00%,47.0
https://somto.it/film/corto-maltese-corte-sconta-detta-arcana-2002,0,3,0.00%,81.0
https://somto.it/film/doctor-strange-2016,0,3,0.00%,63.7
https://somto.it/film/drunken-master-1978,0,3,0.00%,88.0
https://somto.it/film/drunken-master-ii-1994,0,3,0.00%,73.7
https://somto.it/film/fly-me-to-the-moon-2024,0,3,0.00%,67.3
https://somto.it/film/giovanna-d-arco-1999,0,3,0.00%,75.0
https://somto.it/film/giustizia-privata-2009,0,3,0.00%,45.3
https://somto.it/film/hercules-il-guerriero-2014,0,3,0.00%,34.3
https://somto.it/film/hitpig-2024,0,3,0.00%,22.3
https://somto.it/film/hope-2013,0,3,0.00%,55.3
https://somto.it/film/hotel-desire-2011,0,3,0.00%,84.7
https://somto.it/film/il-bunker-2021,0,3,0.00%,85.3
https://somto.it/film/il-nibbio-2025,0,3,0.00%,93.3
https://somto.it/film/karnal-1983,0,3,0.00%,30.3
https://somto.it/film/la-teoria-del-tutto-2014,0,3,0.00%,85.0
https://somto.it/film/le-repondeur-2025,0,3,0.00%,69.3
https://somto.it/film/milli-vanilli-2023,0,3,0.00%,85.7
https://somto.it/film/momentum-2003,0,3,0.00%,35.3
https://somto.it/film/mr-vampire-1985,0,3,0.00%,61.0
https://somto.it/film/no-entry-2005,0,3,0.00%,60.0
https://somto.it/film/ogni-maledetto-fantacalcio-2025,0,3,0.00%,59.3
https://somto.it/film/pocahontas-1995,0,3,0.00%,74.7
https://somto.it/film/pose-2026,0,3,0.00%,34.3
https://somto.it/film/protector-2026,0,3,0.00%,46.0
https://somto.it/film/radici-1954,0,3,0.00%,43.0
https://somto.it/film/regeneration-1997,0,3,0.00%,68.0
https://somto.it/film/risque-2025,0,3,0.00%,27.7
https://somto.it/film/sherlock-holmes-2009,0,3,0.00%,81.0
https://somto.it/film/taffin-1988,0,3,0.00%,53.3
https://somto.it/film/the-amazing-spider-man-2-il-potere-di-electro-2014,0,3,0.00%,75.0
https://somto.it/film/the-elixir-2025,0,3,0.00%,96.7
https://somto.it/film/the-flash-2023,0,3,0.00%,84.0
https://somto.it/film/the-grey-2012,0,3,0.00%,91.0
https://somto.it/film/the-rock-1996,0,3,0.00%,78.7
https://somto.it/film/the-sisters-2005,0,3,0.00%,82.3
https://somto.it/film/triangle-2009,0,3,0.00%,53.7
https://somto.it/film/un-poeta-2025,0,3,0.00%,84.7
https://somto.it/film/xanadu-1980,0,3,0.00%,43.3
https://somto.it/film/zootropolis-2-2025,0,3,0.00%,85.3
https://somto.it/quiz/hunger-games-2012,0,3,0.00%,85.3
https://somto.it/quiz/mare-fuori-2020,0,3,0.00%,71.7
https://somto.it/quiz/mercoledi-2022,0,3,0.00%,48.3
https://somto.it/serie/2004-3,0,3,0.00%,66.0
https://somto.it/serie/2008,0,3,0.00%,5.0
https://somto.it/serie/2013-3,0,3,0.00%,62.7
https://somto.it/serie/2014-8,0,3,0.00%,54.3
https://somto.it/serie/2024-28,0,3,0.00%,47.0
https://somto.it/serie/2025-38,0,3,0.00%,37.3
https://somto.it/serie/2026-17,0,3,0.00%,40.0
https://somto.it/serie/2026-19,0,3,0.00%,59.3
https://somto.it/serie/arcibaldo-1971,0,3,0.00%,44.0
https://somto.it/serie/becker-1998,0,3,0.00%,21.3
https://somto.it/serie/berlino-2023,0,3,0.00%,16.0
https://somto.it/serie/blackout-2020,0,3,0.00%,35.0
https://somto.it/serie/brooklyn-nine-nine-2013,0,3,0.00%,86.3
https://somto.it/serie/brookside-1982,0,3,0.00%,48.0
https://somto.it/serie/cannon-1971,0,3,0.00%,57.3
https://somto.it/serie/csi-miami-2002,0,3,0.00%,76.7
https://somto.it/serie/danny-phantom-2004,0,3,0.00%,74.7
https://somto.it/serie/dexter-2006,0,3,0.00%,41.0
https://somto.it/serie/due-south-1994,0,3,0.00%,75.0
https://somto.it/serie/felicity-1998,0,3,0.00%,15.3
https://somto.it/serie/golden-kamui-2018,0,3,0.00%,92.0
https://somto.it/serie/how-i-met-your-mother-2005,0,3,0.00%,96.3
https://somto.it/serie/l-odissea-1997,0,3,0.00%,44.7
https://somto.it/serie/la-vita-secondo-jim-2001,0,3,0.00%,78.0
https://somto.it/serie/missione-impossibile-1966,0,3,0.00%,91.3
https://somto.it/serie/newsnight-1980,0,3,0.00%,28.3
https://somto.it/serie/prisoner-1979,0,3,0.00%,26.0
https://somto.it/serie/rahxephon-2002,0,3,0.00%,6.7
https://somto.it/serie/scandal-2012,0,3,0.00%,9.3
https://somto.it/serie/senna-2024,0,3,0.00%,23.7
https://somto.it/serie/solo-leveling-2024,0,3,0.00%,90.3
https://somto.it/serie/taff-1997,0,3,0.00%,47.0
https://somto.it/serie/the-eddy-2020,0,3,0.00%,75.7
https://somto.it/serie/will-trent-2023,0,3,0.00%,72.7
https://somto.it/serie/wolf-2023,0,3,0.00%,10.3
https://somto.it/film/il-caffe-della-pazza-gioia-2026,1,2,50.00%,32.5
https://somto.it/quiz/tokyo-revengers-2021,1,2,50.00%,4.0
https://somto.it/blog/serie-tv-brevi-da-finire-in-un-weekend/,0,2,0.00%,2.5
https://somto.it/film/1993,0,2,0.00%,4.5
https://somto.it/film/2016-3,0,2,0.00%,30.0
https://somto.it/film/2024-9,0,2,0.00%,48.0
https://somto.it/film/2025-2,0,2,0.00%,52.5
https://somto.it/film/40-acres-2025,0,2,0.00%,69.5
https://somto.it/film/a-2019,0,2,0.00%,64.5
https://somto.it/film/abbasso-l-amore-2003,0,2,0.00%,46.0
https://somto.it/film/aiuto-help-1965,0,2,0.00%,98.5
https://somto.it/film/alarum-2025,0,2,0.00%,60.0
https://somto.it/film/alice-nel-paese-delle-meraviglie-1951,0,2,0.00%,73.5
https://somto.it/film/alla-ricerca-di-joy-2025,0,2,0.00%,40.5
https://somto.it/film/altered-2025,0,2,0.00%,44.5
https://somto.it/film/american-sniper-2014,0,2,0.00%,60.5
https://somto.it/film/andiamo-a-quel-paese-2014,0,2,0.00%,96.5
https://somto.it/film/angeli-dell-inferno-sulle-ruote-1967,0,2,0.00%,30.5
https://somto.it/film/ballistic-2026,0,2,0.00%,55.5
https://somto.it/film/beatrice-cenci-1969,0,2,0.00%,84.0
https://somto.it/film/birds-of-prey-e-la-fantasmagorica-rinascita-di-harley-quinn-2020,0,2,0.00%,95.5
https://somto.it/film/born-wild-2012,0,2,0.00%,79.5
https://somto.it/film/coco-2017,0,2,0.00%,15.5
https://somto.it/film/come-riuscire-ad-avere-un-incidente-sul-lavoro-1959,0,2,0.00%,8.0
https://somto.it/film/dead-end-quella-strada-nel-bosco-2003,0,2,0.00%,72.5
https://somto.it/film/decisione-critica-1996,0,2,0.00%,53.0
https://somto.it/film/diana-vreeland-the-eye-has-to-travel-2012,0,2,0.00%,66.5
https://somto.it/film/el-conde-2023,0,2,0.00%,93.5
https://somto.it/film/elemental-2023,0,2,0.00%,10.0
https://somto.it/film/ex-machina-2015,0,2,0.00%,90.0
https://somto.it/film/five-nights-at-freddy-s-2-2025,0,2,0.00%,40.5
https://somto.it/film/follow-2025,0,2,0.00%,19.0
https://somto.it/film/harry-potter-e-il-calice-di-fuoco-2005,0,2,0.00%,77.5
https://somto.it/film/hokum-2026,0,2,0.00%,47.5
https://somto.it/film/hulk-2003,0,2,0.00%,58.0
https://somto.it/film/idealisten-2015,0,2,0.00%,35.0
https://somto.it/film/il-7-e-l-8-2007,0,2,0.00%,91.5
https://somto.it/film/il-conte-di-montecristo-1975,0,2,0.00%,88.5
https://somto.it/film/il-signore-degli-anelli-il-ritorno-del-re-2003,0,2,0.00%,75.0
https://somto.it/film/il-terrorista-1963,0,2,0.00%,91.0
https://somto.it/film/inception-2010,0,2,0.00%,4.5
https://somto.it/film/infinite-2021,0,2,0.00%,48.0
https://somto.it/film/islands-2025,0,2,0.00%,77.5
https://somto.it/film/jesus-1979,0,2,0.00%,56.5
https://somto.it/film/john-candy-i-like-me-2025,0,2,0.00%,26.5
https://somto.it/film/joy-division-2009,0,2,0.00%,94.0
https://somto.it/film/ken-park-2003,0,2,0.00%,98.5
https://somto.it/film/l-amico-fedele-2025,0,2,0.00%,76.0
https://somto.it/film/l-amore-dimenticato-2023,0,2,0.00%,61.0
https://somto.it/film/l-ultima-ricchezza-2013,0,2,0.00%,23.0
https://somto.it/film/la-rivincita-delle-bionde-2001,0,2,0.00%,87.0
https://somto.it/film/let-go-2024,0,2,0.00%,43.5
https://somto.it/film/london-calling-2025,0,2,0.00%,62.5
https://somto.it/film/lost-river-2015,0,2,0.00%,91.0
https://somto.it/film/lucy-2014,0,2,0.00%,83.5
https://somto.it/film/madagascar-3-ricercati-in-europa-2012,0,2,0.00%,55.0
https://somto.it/film/madre-2009,0,2,0.00%,52.5
https://somto.it/film/maleficent-2014,0,2,0.00%,48.0
https://somto.it/film/margin-call-2011,0,2,0.00%,91.0
https://somto.it/film/mean-girls-2004,0,2,0.00%,94.0
https://somto.it/film/michael-2026,0,2,0.00%,79.0
https://somto.it/film/mulan-1998,0,2,0.00%,75.5
https://somto.it/film/murder-at-the-embassy-2025,0,2,0.00%,14.0
https://somto.it/film/night-carnage-2025,0,2,0.00%,14.0
https://somto.it/film/per-amore-della-verita-2023,0,2,0.00%,66.5
https://somto.it/film/pinocchio-di-guillermo-del-toro-cinema-scolpito-a-mano-2022,0,2,0.00%,81.0
https://somto.it/film/power-rangers-2017,0,2,0.00%,75.0
https://somto.it/film/return-to-sender-restituire-al-mittente-2015,0,2,0.00%,75.5
https://somto.it/film/romeo-giulietta-di-william-shakespeare-1996,0,2,0.00%,68.5
https://somto.it/film/scarface-1983,0,2,0.00%,54.0
https://somto.it/film/self-less-2015,0,2,0.00%,80.5
https://somto.it/film/send-help-2026,0,2,0.00%,71.5
https://somto.it/film/sette-anime-2008,0,2,0.00%,90.0
https://somto.it/film/sikandar-2025,0,2,0.00%,31.0
https://somto.it/film/silence-2016,0,2,0.00%,21.5
https://somto.it/film/sleeping-dogs-2024,0,2,0.00%,64.0
https://somto.it/film/soul-2020,0,2,0.00%,86.0
https://somto.it/film/stazione-luna-1966,0,2,0.00%,89.0
https://somto.it/film/summer-palace-2006,0,2,0.00%,66.5
https://somto.it/film/terminator-1984,0,2,0.00%,41.0
https://somto.it/film/the-conjuring-per-ordine-del-diavolo-2021,0,2,0.00%,83.5
https://somto.it/film/the-fighter-2010,0,2,0.00%,76.0
https://somto.it/film/the-slumber-party-massacre-1982,0,2,0.00%,70.5
https://somto.it/film/thor-2011,0,2,0.00%,78.5
https://somto.it/film/thunderbolts-2025,0,2,0.00%,9.0
https://somto.it/film/vacancy-2007,0,2,0.00%,74.0
https://somto.it/quiz/cars-motori-ruggenti-2006,0,2,0.00%,6.5
https://somto.it/quiz/demon-slayer-kimetsu-no-yaiba-2019,0,2,0.00%,71.5
https://somto.it/quiz/jurassic-park-1993,0,2,0.00%,90.5
https://somto.it/serie/1998-3,0,2,0.00%,38.0
https://somto.it/serie/2011-2,0,2,0.00%,40.5
https://somto.it/serie/2014-6,0,2,0.00%,73.0
https://somto.it/serie/2023-18,0,2,0.00%,10.5
https://somto.it/serie/2023-20,0,2,0.00%,6.0
https://somto.it/serie/56-giorni-2026,0,2,0.00%,93.0
https://somto.it/serie/aquarion-2005,0,2,0.00%,7.0
https://somto.it/serie/ballers-2015,0,2,0.00%,11.0
https://somto.it/serie/beacon-23-2023,0,2,0.00%,98.5
https://somto.it/serie/beelzebub-2011,0,2,0.00%,10.0
https://somto.it/serie/benvenuti-a-eden-2022,0,2,0.00%,94.5
https://somto.it/serie/better-call-saul-2015,0,2,0.00%,96.0
https://somto.it/serie/bodies-2023,0,2,0.00%,29.5
https://somto.it/serie/butterfly-2025,0,2,0.00%,71.5
https://somto.it/serie/che-dio-ci-aiuti-2011,0,2,0.00%,61.0
https://somto.it/serie/chiamatemi-anna-2017,0,2,0.00%,95.0
https://somto.it/serie/detective-conan-1996,0,2,0.00%,75.5
https://somto.it/serie/dirty-john-2018,0,2,0.00%,70.0
https://somto.it/serie/dottoressa-peluche-2012,0,2,0.00%,95.0
https://somto.it/serie/dune-prophecy-2024,0,2,0.00%,93.0
https://somto.it/serie/durarara-2010,0,2,0.00%,18.5
https://somto.it/serie/empire-2015,0,2,0.00%,77.0
https://somto.it/serie/en-el-barro-2025,0,2,0.00%,70.0
https://somto.it/serie/everything-now-2023,0,2,0.00%,91.5
https://somto.it/serie/gachiakuta-2025,0,2,0.00%,17.5
https://somto.it/serie/gomorra-la-serie-2014,0,2,0.00%,80.5
https://somto.it/serie/griselda-2024,0,2,0.00%,31.5
https://somto.it/serie/hack-2002,0,2,0.00%,53.0
https://somto.it/serie/hell-on-wheels-2011,0,2,0.00%,68.0
https://somto.it/serie/hostage-2025,0,2,0.00%,84.0
https://somto.it/serie/kakegurui-2025,0,2,0.00%,80.0
https://somto.it/serie/l-imperatrice-2022,0,2,0.00%,94.0
https://somto.it/serie/lucifer-2016,0,2,0.00%,86.5
https://somto.it/serie/mar-2005,0,2,0.00%,72.0
https://somto.it/serie/martin-1992,0,2,0.00%,84.0
https://somto.it/serie/maverick-1957,0,2,0.00%,38.5
https://somto.it/serie/mf-ghost-2023,0,2,0.00%,92.0
https://somto.it/serie/motorheads-2025,0,2,0.00%,52.5
https://somto.it/serie/mr-mercedes-2017,0,2,0.00%,92.5
https://somto.it/serie/off-campus-2026,0,2,0.00%,43.5
https://somto.it/serie/one-2025,0,2,0.00%,18.5
https://somto.it/serie/pluto-2023,0,2,0.00%,75.5
https://somto.it/serie/power-2014,0,2,0.00%,67.5
https://somto.it/serie/providence-1999,0,2,0.00%,54.0
https://somto.it/serie/rising-impact-2024,0,2,0.00%,91.0
https://somto.it/serie/robin-hood-2025,0,2,0.00%,91.0
https://somto.it/serie/shameless-2011,0,2,0.00%,78.0
https://somto.it/serie/shin-chan-1992,0,2,0.00%,88.5
https://somto.it/serie/spin-city-1996,0,2,0.00%,95.0
https://somto.it/serie/the-batman-2004,0,2,0.00%,89.0
https://somto.it/serie/the-equalizer-2021,0,2,0.00%,91.0
https://somto.it/serie/the-sinner-2017,0,2,0.00%,88.0
https://somto.it/serie/tiger-bunny-2011,0,2,0.00%,86.0
https://somto.it/serie/tmz-2007,0,2,0.00%,32.5
https://somto.it/serie/toriko-2011,0,2,0.00%,8.0
https://somto.it/serie/vecinos-2005,0,2,0.00%,40.5
https://somto.it/serie/vgly-2023,0,2,0.00%,29.0
https://somto.it/film/fatal-bond-1991,1,1,100.00%,69.0
https://somto.it/quiz/buffy-l-ammazzavampiri-1997,1,1,100.00%,10.0
https://somto.it/quiz/skam-italia-2018,1,1,100.00%,5.0
https://somto.it/quiz/un-medico-in-famiglia-1998,1,1,100.00%,7.0
https://somto.it/serie/tracker-2024,1,1,100.00%,1.0
https://somto.it/blog/cosa-guardare-su-netflix-italia/,0,1,0.00%,6.0
https://somto.it/blog/migliori-serie-tv-da-ridere-commedie/,0,1,0.00%,3.0
https://somto.it/blog/serie-tv-simili-a-severance-scissione/,0,1,0.00%,4.0
https://somto.it/film/1959,0,1,0.00%,3.0
https://somto.it/film/1976,0,1,0.00%,3.0
https://somto.it/film/1978-2025,0,1,0.00%,44.0
https://somto.it/film/1992,0,1,0.00%,9.0
https://somto.it/film/1999,0,1,0.00%,7.0
https://somto.it/film/2001-odissea-nello-spazio-1968,0,1,0.00%,5.0
https://somto.it/film/2004-2,0,1,0.00%,63.0
https://somto.it/film/2015-3,0,1,0.00%,32.0
https://somto.it/film/2020-2,0,1,0.00%,26.0
https://somto.it/film/2022,0,1,0.00%,6.0
https://somto.it/film/2025-27,0,1,0.00%,38.0
https://somto.it/film/2026-10,0,1,0.00%,26.0
https://somto.it/film/2026-9,0,1,0.00%,28.0
https://somto.it/film/3-2026,0,1,0.00%,72.0
https://somto.it/film/365-giorni-2020,0,1,0.00%,93.0
https://somto.it/film/53-domeniche-2026,0,1,0.00%,98.0
https://somto.it/film/95-2017,0,1,0.00%,37.0
https://somto.it/film/a-star-is-born-2018,0,1,0.00%,99.0
https://somto.it/film/a-toute-vitesse-1996,0,1,0.00%,76.0
https://somto.it/film/a-woman-scorned-2025,0,1,0.00%,72.0
https://somto.it/film/abbandonata-dal-destino-2003,0,1,0.00%,50.0
https://somto.it/film/abigail-2024,0,1,0.00%,23.0
https://somto.it/film/addio-mia-concubina-1993,0,1,0.00%,30.0
https://somto.it/film/against-the-ice-2022,0,1,0.00%,97.0
https://somto.it/film/agente-007-missione-goldfinger-1964,0,1,0.00%,65.0
https://somto.it/film/al-vertice-della-tensione-2002,0,1,0.00%,89.0
https://somto.it/film/aladdin-2019,0,1,0.00%,73.0
https://somto.it/film/alibi-2008,0,1,0.00%,52.0
https://somto.it/film/alice-attraverso-lo-specchio-2016,0,1,0.00%,87.0
https://somto.it/film/amici-amanti-e-2011,0,1,0.00%,65.0
https://somto.it/film/annie-la-felicita-e-contagiosa-2014,0,1,0.00%,77.0
https://somto.it/film/ant-man-2015,0,1,0.00%,66.0
https://somto.it/film/ant-man-and-the-wasp-2018,0,1,0.00%,89.0
https://somto.it/film/anvil-the-story-of-anvil-2008,0,1,0.00%,27.0
https://somto.it/film/apex-2021,0,1,0.00%,46.0
https://somto.it/film/apocalypse-now-1979,0,1,0.00%,73.0
https://somto.it/film/apocalypto-2006,0,1,0.00%,22.0
https://somto.it/film/apollo-13-1995,0,1,0.00%,62.0
https://somto.it/film/arancia-meccanica-1971,0,1,0.00%,93.0
https://somto.it/film/argo-2012,0,1,0.00%,88.0
https://somto.it/film/aristotle-and-dante-discover-the-secrets-of-the-universe-2023,0,1,0.00%,56.0
https://somto.it/film/arthur-merlin-le-origini-della-leggenda-2015,0,1,0.00%,69.0
https://somto.it/film/assalto-alla-terra-1954,0,1,0.00%,78.0
https://somto.it/film/asterix-obelix-missione-cleopatra-2002,0,1,0.00%,83.0
https://somto.it/film/bambi-la-vendetta-2025,0,1,0.00%,57.0
https://somto.it/film/batman-v-superman-dawn-of-justice-2016,0,1,0.00%,97.0
https://somto.it/film/baywatch-2017,0,1,0.00%,79.0
https://somto.it/film/berlinguer-ti-voglio-bene-1977,0,1,0.00%,90.0
https://somto.it/film/biancaneve-2025,0,1,0.00%,90.0
https://somto.it/film/billie-eilish-hit-me-hard-and-soft-the-tour-live-in-3d-2026,0,1,0.00%,39.0
https://somto.it/film/blitz-2011,0,1,0.00%,14.0
https://somto.it/film/blood-star-2024,0,1,0.00%,72.0
https://somto.it/film/bobby-1973,0,1,0.00%,68.0
https://somto.it/film/brain-dead-1990,0,1,0.00%,75.0
https://somto.it/film/braveheart-cuore-impavido-1995,0,1,0.00%,87.0
https://somto.it/film/buen-camino-2025,0,1,0.00%,80.0
https://somto.it/film/buffaloed-2020,0,1,0.00%,73.0
https://somto.it/film/bumblebee-2018,0,1,0.00%,19.0
https://somto.it/film/caccia-a-ottobre-rosso-1990,0,1,0.00%,97.0
https://somto.it/film/cambia-la-tua-vita-con-un-click-2006,0,1,0.00%,71.0
https://somto.it/film/capitan-kronos-cacciatore-di-vampiri-1973,0,1,0.00%,7.0
https://somto.it/film/captain-america-civil-war-2016,0,1,0.00%,76.0
https://somto.it/film/carrie-lo-sguardo-di-satana-1976,0,1,0.00%,90.0
https://somto.it/film/carry-on-2024,0,1,0.00%,89.0
https://somto.it/film/casino-1995,0,1,0.00%,78.0
https://somto.it/film/cattivissimo-me-2010,0,1,0.00%,90.0
https://somto.it/film/champagne-problems-2025,0,1,0.00%,88.0
https://somto.it/film/che-bella-giornata-2011,0,1,0.00%,98.0
https://somto.it/film/ci-vuole-un-fisico-2018,0,1,0.00%,54.0
https://somto.it/film/clock-2023,0,1,0.00%,30.0
https://somto.it/film/collateral-beauty-2016,0,1,0.00%,61.0
https://somto.it/film/confessions-2010,0,1,0.00%,83.0
https://somto.it/film/coyotes-2025,0,1,0.00%,22.0
https://somto.it/film/creed-nato-per-combattere-2015,0,1,0.00%,56.0
https://somto.it/film/creepypasta-2023,0,1,0.00%,70.0
https://somto.it/film/crisis-1963,0,1,0.00%,50.0
https://somto.it/film/darkness-visible-2019,0,1,0.00%,72.0
https://somto.it/film/dead-mine-2012,0,1,0.00%,47.0
https://somto.it/film/dead-shack-2017,0,1,0.00%,62.0
https://somto.it/film/dead-silence-2007,0,1,0.00%,97.0
https://somto.it/film/deathstalker-2025,0,1,0.00%,64.0
https://somto.it/film/delicious-2025,0,1,0.00%,26.0
https://somto.it/film/der-fruhreifen-report-1973,0,1,0.00%,7.0
https://somto.it/film/der-tiger-viaggio-all-inferno-2025,0,1,0.00%,8.0
https://somto.it/film/desiderio-1946,0,1,0.00%,31.0
https://somto.it/film/detroit-2017,0,1,0.00%,48.0
https://somto.it/film/dick-e-jane-operazione-furto-2005,0,1,0.00%,87.0
https://somto.it/film/don-giovanni-e-lucrezia-borgia-1926,0,1,0.00%,14.0
https://somto.it/film/doomsday-il-giorno-del-giudizio-2008,0,1,0.00%,68.0
https://somto.it/film/dune-2021,0,1,0.00%,87.0
https://somto.it/film/dungeons-dragons-l-onore-dei-ladri-2023,0,1,0.00%,47.0
https://somto.it/film/extinction-2018,0,1,0.00%,32.0
https://somto.it/film/eyewitness-testimone-involontaria-2015,0,1,0.00%,78.0
https://somto.it/film/fargo-1996,0,1,0.00%,22.0
https://somto.it/film/fender-bender-2016,0,1,0.00%,91.0
https://somto.it/film/fino-alle-montagne-2024,0,1,0.00%,54.0
https://somto.it/film/fire-2004,0,1,0.00%,35.0
https://somto.it/film/fixed-un-ultima-avventura-2025,0,1,0.00%,70.0
https://somto.it/film/fixeur-2017,0,1,0.00%,49.0
https://somto.it/film/follemente-2025,0,1,0.00%,43.0
https://somto.it/film/forrest-gump-1994,0,1,0.00%,81.0
https://somto.it/film/frank-costello-faccia-d-angelo-1967,0,1,0.00%,98.0
https://somto.it/film/geostorm-2017,0,1,0.00%,55.0
https://somto.it/film/ghost-stories-2018,0,1,0.00%,96.0
https://somto.it/film/ghostbusters-legacy-2021,0,1,0.00%,95.0
https://somto.it/film/glass-2019,0,1,0.00%,27.0
https://somto.it/film/godland-nella-terra-di-dio-2022,0,1,0.00%,39.0
https://somto.it/film/gonjiam-haunted-asylum-2018,0,1,0.00%,11.0
https://somto.it/film/halloween-la-notte-delle-streghe-1978,0,1,0.00%,100.0
https://somto.it/film/harakiri-1962,0,1,0.00%,93.0
https://somto.it/film/hero-2002,0,1,0.00%,77.0
https://somto.it/film/high-strung-1992,0,1,0.00%,90.0
https://somto.it/film/holland-2025,0,1,0.00%,99.0
https://somto.it/film/homo-sapiens-2025,0,1,0.00%,74.0
https://somto.it/film/house-of-darkness-2022,0,1,0.00%,83.0
https://somto.it/film/human-2015,0,1,0.00%,42.0
https://somto.it/film/hunger-games-2012,0,1,0.00%,67.0
https://somto.it/film/i-dannati-non-piangono-1950,0,1,0.00%,49.0
https://somto.it/film/i-gangsters-1946,0,1,0.00%,82.0
https://somto.it/film/i-passi-dell-amore-2002,0,1,0.00%,66.0
https://somto.it/film/i-roses-2025,0,1,0.00%,87.0
https://somto.it/film/i-swear-2025,0,1,0.00%,73.0
https://somto.it/film/il-canto-della-foresta-2025,0,1,0.00%,22.0
https://somto.it/film/il-caso-moro-1986,0,1,0.00%,65.0
https://somto.it/film/il-diritto-di-uccidere-1950,0,1,0.00%,75.0
https://somto.it/film/il-favoloso-mondo-di-amelie-2001,0,1,0.00%,57.0
https://somto.it/film/il-giro-del-mondo-in-80-giorni-2021,0,1,0.00%,68.0
https://somto.it/film/il-mio-matrimonio-preferito-2017,0,1,0.00%,57.0
https://somto.it/film/il-mio-vicino-totoro-1988,0,1,0.00%,88.0
https://somto.it/film/il-mistero-delle-lettere-perdute-cotti-a-puntino-2016,0,1,0.00%,8.0
https://somto.it/film/il-peccato-di-lola-1984,0,1,0.00%,20.0
https://somto.it/film/il-petroliere-2007,0,1,0.00%,83.0
https://somto.it/film/il-pianeta-delle-scimmie-1968,0,1,0.00%,83.0
https://somto.it/film/il-primo-natale-2019,0,1,0.00%,74.0
https://somto.it/film/il-re-dei-re-1961,0,1,0.00%,82.0
https://somto.it/film/il-silenzio-del-mare-1949,0,1,0.00%,68.0
https://somto.it/film/il-sonnambulo-1951,0,1,0.00%,83.0
https://somto.it/film/il-tempo-delle-mele-1980,0,1,0.00%,82.0
https://somto.it/film/illuminazione-1973,0,1,0.00%,60.0
https://somto.it/film/in-viaggio-verso-un-sogno-the-peanut-butter-falcon-2019,0,1,0.00%,53.0
https://somto.it/film/indovina-perche-ti-odio-2012,0,1,0.00%,37.0
https://somto.it/film/inheritance-2025,0,1,0.00%,66.0
https://somto.it/film/insomnio-1998,0,1,0.00%,36.0
https://somto.it/film/io-robot-2004,0,1,0.00%,76.0
https://somto.it/film/iron-man-2-2010,0,1,0.00%,83.0
https://somto.it/film/iron-man-3-2013,0,1,0.00%,56.0
https://somto.it/film/isteni-muszak-2013,0,1,0.00%,55.0
https://somto.it/film/it-ends-2025,0,1,0.00%,84.0
https://somto.it/film/jingle-bell-heist-rapina-a-natale-2025,0,1,0.00%,83.0
https://somto.it/film/joker-2019,0,1,0.00%,23.0
https://somto.it/film/jujutsu-kaisen-esecuzione-2025,0,1,0.00%,81.0
https://somto.it/film/kagemusha-l-ombra-del-guerriero-1980,0,1,0.00%,70.0
https://somto.it/film/kotu-cocuk-2017,0,1,0.00%,100.0
https://somto.it/film/l-era-glaciale-2-il-disgelo-2006,0,1,0.00%,87.0
https://somto.it/film/l-incredibile-hulk-2008,0,1,0.00%,98.0
https://somto.it/film/l-inverno-piu-duro-2025,0,1,0.00%,44.0
https://somto.it/film/la-bella-e-la-bestia-1991,0,1,0.00%,88.0
https://somto.it/film/la-casa-dei-mostri-1957,0,1,0.00%,55.0
https://somto.it/film/la-concubina-2012,0,1,0.00%,85.0
https://somto.it/film/la-fiebre-de-los-ricos-2024,0,1,0.00%,1.0
https://somto.it/film/la-macchia-della-morte-1971,0,1,0.00%,42.0
https://somto.it/film/la-notte-arriva-sempre-2025,0,1,0.00%,71.0
https://somto.it/film/la-pantera-rosa-2-2009,0,1,0.00%,78.0
https://somto.it/film/la-piccola-fiammiferaia-2006,0,1,0.00%,73.0
https://somto.it/film/la-rivolta-degli-apaches-1951,0,1,0.00%,82.0
https://somto.it/film/la-tunica-1953,0,1,0.00%,87.0
https://somto.it/film/last-breath-2025,0,1,0.00%,94.0
https://somto.it/film/le-avventure-di-peter-pan-1953,0,1,0.00%,68.0
https://somto.it/film/le-indagini-di-hailey-dean-omicidio-con-amore-2016,0,1,0.00%,35.0
https://somto.it/film/legami-pericolosi-2010,0,1,0.00%,72.0
https://somto.it/film/lilo-stitch-2002,0,1,0.00%,59.0
https://somto.it/film/limbo-2020,0,1,0.00%,59.0
https://somto.it/film/limitless-2011,0,1,0.00%,8.0
https://somto.it/film/lo-specchio-1975,0,1,0.00%,79.0
https://somto.it/film/lo-stagista-inaspettato-2015,0,1,0.00%,63.0
https://somto.it/film/lo-stato-contro-fritz-bauer-2015,0,1,0.00%,76.0
https://somto.it/film/lost-in-starlight-2025,0,1,0.00%,2.0
https://somto.it/film/lost-soul-the-doomed-journey-of-richard-stanley-s-island-of-dr-moreau-2014,0,1,0.00%,52.0
https://somto.it/film/luisa-spagnoli-2016,0,1,0.00%,94.0
https://somto.it/film/m3gan-2022,0,1,0.00%,8.0
https://somto.it/film/maladolescenza-1977,0,1,0.00%,26.0
https://somto.it/film/malena-2000,0,1,0.00%,142.0
https://somto.it/film/maria-regina-di-scozia-2018,0,1,0.00%,97.0
https://somto.it/film/marija-2017,0,1,0.00%,60.0
https://somto.it/film/matrimonio-a-long-island-2018,0,1,0.00%,72.0
https://somto.it/film/matrix-1999,0,1,0.00%,80.0
https://somto.it/film/maze-runner-il-labirinto-2014,0,1,0.00%,79.0
https://somto.it/film/mcwalter-2025,0,1,0.00%,60.0
https://somto.it/film/misdirection-2026,0,1,0.00%,45.0
https://somto.it/film/mission-impossible-1996,0,1,0.00%,86.0
https://somto.it/film/mission-impossible-dead-reckoning-parte-uno-2023,0,1,0.00%,41.0
https://somto.it/film/mission-impossible-rogue-nation-2015,0,1,0.00%,82.0
https://somto.it/film/misteri-dal-profondo-2025,0,1,0.00%,85.0
https://somto.it/film/moon-2009,0,1,0.00%,80.0
https://somto.it/film/mulan-2-2004,0,1,0.00%,65.0
https://somto.it/film/my-dearest-assassin-2026,0,1,0.00%,20.0
https://somto.it/film/national-lampoon-s-vacanze-di-natale-2003,0,1,0.00%,73.0
https://somto.it/film/neighborhood-watch-2025,0,1,0.00%,55.0
https://somto.it/film/nel-bene-e-nel-male-1964,0,1,0.00%,79.0
https://somto.it/film/nightmare-1981,0,1,0.00%,65.0
https://somto.it/film/noi-e-loro-2025,0,1,0.00%,2.0
https://somto.it/film/non-abbiam-bisogno-di-parole-2026,0,1,0.00%,90.0
https://somto.it/film/nosferatu-2024,0,1,0.00%,85.0
https://somto.it/film/nouvelle-vague-2025,0,1,0.00%,99.0
https://somto.it/film/now-you-see-me-2-2016,0,1,0.00%,98.0
https://somto.it/film/numero-sconosciuto-uno-scandalo-di-cyberbullismo-2025,0,1,0.00%,3.0
https://somto.it/film/nymphomaniac-volume-1-2013,0,1,0.00%,71.0
https://somto.it/film/onigoroshi-demon-city-2025,0,1,0.00%,81.0
https://somto.it/film/oscar-shaw-2026,0,1,0.00%,10.0
https://somto.it/film/osiris-2025,0,1,0.00%,61.0
https://somto.it/film/out-of-love-2025,0,1,0.00%,80.0
https://somto.it/film/parasite-2019,0,1,0.00%,53.0
https://somto.it/film/passengers-2016,0,1,0.00%,89.0
https://somto.it/film/passengers-mistero-ad-alta-quota-2008,0,1,0.00%,83.0
https://somto.it/film/pavana-2026,0,1,0.00%,76.0
https://somto.it/film/paw-patrol-il-super-film-2023,0,1,0.00%,69.0
https://somto.it/film/pearl-harbor-2001,0,1,0.00%,195.0
https://somto.it/film/pecore-sotto-copertura-2026,0,1,0.00%,71.0
https://somto.it/film/perfect-addiction-2023,0,1,0.00%,66.0
https://somto.it/film/perfect-stranger-2007,0,1,0.00%,98.0
https://somto.it/film/persona-1966,0,1,0.00%,82.0
https://somto.it/film/piccole-canaglie-1994,0,1,0.00%,62.0
https://somto.it/film/point-break-2015,0,1,0.00%,89.0
https://somto.it/film/point-de-fuite-1987,0,1,0.00%,24.0
https://somto.it/film/pomodori-verdi-fritti-alla-fermata-del-treno-1991,0,1,0.00%,93.0
https://somto.it/film/poseidon-il-pericolo-e-gia-a-bordo-2005,0,1,0.00%,81.0
https://somto.it/film/premonizioni-1995,0,1,0.00%,24.0
https://somto.it/film/professione-assassino-2011,0,1,0.00%,63.0
https://somto.it/film/psycho-killer-2026,0,1,0.00%,44.0
https://somto.it/film/quando-ho-smesso-di-preoccuparmi-e-ho-iniziato-a-masturbarmi-2022,0,1,0.00%,7.0
https://somto.it/film/quasi-amici-2011,0,1,0.00%,64.0
https://somto.it/film/quo-vado-2016,0,1,0.00%,76.0
https://somto.it/film/redemption-identita-nascoste-2013,0,1,0.00%,79.0
https://somto.it/film/ribelle-the-brave-2012,0,1,0.00%,86.0
https://somto.it/film/rio-2011,0,1,0.00%,13.0
https://somto.it/film/robocop-1987,0,1,0.00%,87.0
https://somto.it/film/rocketman-2019,0,1,0.00%,25.0
https://somto.it/film/roofman-2025,0,1,0.00%,32.0
https://somto.it/film/rovine-2008,0,1,0.00%,40.0
https://somto.it/film/salawahan-2024,0,1,0.00%,34.0
https://somto.it/film/salvation-2025,0,1,0.00%,52.0
https://somto.it/film/santa-clause-1994,0,1,0.00%,68.0
https://somto.it/film/schindler-s-list-1993,0,1,0.00%,92.0
https://somto.it/film/scooby-doo-e-il-ritorno-sull-isola-degli-zombie-2019,0,1,0.00%,52.0
https://somto.it/film/scrivimi-fermo-posta-1940,0,1,0.00%,59.0
https://somto.it/film/secretary-2002,0,1,0.00%,82.0
https://somto.it/film/security-2021,0,1,0.00%,13.0
https://somto.it/film/shadow-force-ultima-missione-2025,0,1,0.00%,38.0
https://somto.it/film/shame-2011,0,1,0.00%,97.0
https://somto.it/film/sherlock-holmes-gioco-di-ombre-2011,0,1,0.00%,74.0
https://somto.it/film/shutter-island-2010,0,1,0.00%,80.0
https://somto.it/film/simon-2023,0,1,0.00%,40.0
https://somto.it/film/sin-huella,0,1,0.00%,58.0
https://somto.it/film/sinfonia-della-fattoria-1938,0,1,0.00%,40.0
https://somto.it/film/skyfall-2012,0,1,0.00%,18.0
https://somto.it/film/skylight-2022,0,1,0.00%,45.0
https://somto.it/film/sleepers-1996,0,1,0.00%,89.0
https://somto.it/film/sorda-2025,0,1,0.00%,26.0
https://somto.it/film/sospetti-in-famiglia-2-1997,0,1,0.00%,60.0
https://somto.it/film/spider-man-3-2007,0,1,0.00%,80.0
https://somto.it/film/spider-man-far-from-home-2019,0,1,0.00%,91.0
https://somto.it/film/spongebob-il-film-2004,0,1,0.00%,91.0
https://somto.it/film/star-wars-episodio-iii-la-vendetta-dei-sith-2005,0,1,0.00%,76.0
https://somto.it/film/stick-it-sfida-e-conquista-2006,0,1,0.00%,54.0
https://somto.it/film/su-bad-3-menti-sopra-il-pelo-2007,0,1,0.00%,16.0
https://somto.it/film/superman-returns-2006,0,1,0.00%,57.0
https://somto.it/film/superstar-2012,0,1,0.00%,65.0
https://somto.it/film/survive-2024,0,1,0.00%,93.0
https://somto.it/film/swimfan-la-piscina-della-paura-2002,0,1,0.00%,61.0
https://somto.it/film/tayuan-2023,0,1,0.00%,70.0
https://somto.it/film/ted-2012,0,1,0.00%,82.0
https://somto.it/film/tench-2020,0,1,0.00%,52.0
https://somto.it/film/tenero-e-violento-1987,0,1,0.00%,29.0
https://somto.it/film/terminator-salvation-2009,0,1,0.00%,68.0
https://somto.it/film/terrifier-3-2024,0,1,0.00%,7.0
https://somto.it/film/terrore-dallo-spazio-profondo-1978,0,1,0.00%,7.0
https://somto.it/film/the-bad-seed-returns-2022,0,1,0.00%,54.0
https://somto.it/film/the-butterfly-effect-2004,0,1,0.00%,48.0
https://somto.it/film/the-calendar-killer-2025,0,1,0.00%,86.0
https://somto.it/film/the-crash-incidente-o-omicidio-2026,0,1,0.00%,53.0
https://somto.it/film/the-departed-il-bene-e-il-male-2006,0,1,0.00%,93.0
https://somto.it/film/the-equalizer-il-vendicatore-2014,0,1,0.00%,69.0
https://somto.it/film/the-human-centipede-first-sequence-2009,0,1,0.00%,70.0
https://somto.it/film/the-informer-tre-secondi-per-sopravvivere-2019,0,1,0.00%,32.0
https://somto.it/film/the-man-from-toronto-2022,0,1,0.00%,73.0
https://somto.it/film/the-mask-da-zero-a-mito-1994,0,1,0.00%,81.0
https://somto.it/film/the-millionaire-2008,0,1,0.00%,100.0
https://somto.it/film/the-nun-ii-2023,0,1,0.00%,85.0
https://somto.it/film/the-plague-2025,0,1,0.00%,68.0
https://somto.it/film/the-roast-of-kevin-hart-2026,0,1,0.00%,7.0
https://somto.it/film/the-rooster-2024,0,1,0.00%,25.0
https://somto.it/film/the-siege-at-ruby-ridge-1996,0,1,0.00%,71.0
https://somto.it/film/the-social-network-2010,0,1,0.00%,90.0
https://somto.it/film/the-strangers-capitolo-1-2024,0,1,0.00%,23.0
https://somto.it/film/the-substance-2024,0,1,0.00%,72.0
https://somto.it/film/the-truman-show-1998,0,1,0.00%,91.0
https://somto.it/film/the-truth-about-jane-2000,0,1,0.00%,72.0
https://somto.it/film/the-twilight-saga-breaking-dawn-parte-1-2011,0,1,0.00%,90.0
https://somto.it/film/the-twilight-saga-eclipse-2010,0,1,0.00%,99.0
https://somto.it/film/top-gun-1986,0,1,0.00%,82.0
https://somto.it/film/toy-story-2-woody-buzz-alla-riscossa-1999,0,1,0.00%,4.0
https://somto.it/film/tron-ares-2025,0,1,0.00%,77.0
https://somto.it/film/truth-treason-2025,0,1,0.00%,88.0
https://somto.it/film/tutto-l-amore-del-mondo-2010,0,1,0.00%,84.0
https://somto.it/film/tutto-quello-che-voglio-2002,0,1,0.00%,77.0
https://somto.it/film/twilight-2008,0,1,0.00%,72.0
https://somto.it/film/un-bel-giorno-2026,0,1,0.00%,67.0
https://somto.it/film/un-cottage-da-sogno-2023,0,1,0.00%,30.0
https://somto.it/film/un-fidanzato-venuto-dal-futuro-2011,0,1,0.00%,47.0
https://somto.it/film/un-tipo-imprevedibile-1996,0,1,0.00%,96.0
https://somto.it/film/una-battaglia-dopo-l-altra-2025,0,1,0.00%,93.0
https://somto.it/film/una-di-famiglia-2025,0,1,0.00%,90.0
https://somto.it/film/underworld-blood-wars-2016,0,1,0.00%,9.0
https://somto.it/film/valanga-1978,0,1,0.00%,67.0
https://somto.it/film/van-helsing-2004,0,1,0.00%,73.0
https://somto.it/film/velluto-nero-1976,0,1,0.00%,96.0
https://somto.it/film/venom-2018,0,1,0.00%,95.0
https://somto.it/film/violet-evergarden-il-film-2020,0,1,0.00%,72.0
https://somto.it/film/voices-2012,0,1,0.00%,6.0
https://somto.it/film/war-machine-2017,0,1,0.00%,94.0
https://somto.it/film/weapons-2025,0,1,0.00%,41.0
https://somto.it/film/wellwood-2025,0,1,0.00%,61.0
https://somto.it/film/wildcat-2025,0,1,0.00%,28.0
https://somto.it/film/winter-on-fire-ukraine-s-fight-for-freedom-2015,0,1,0.00%,72.0
https://somto.it/film/witch-hunt-2021,0,1,0.00%,71.0
https://somto.it/film/wonka-2023,0,1,0.00%,24.0
https://somto.it/film/wrong-turn-il-bosco-ha-fame-2003,0,1,0.00%,83.0
https://somto.it/film/x-men-dark-phoenix-2019,0,1,0.00%,64.0
https://somto.it/film/yellowbird-2014,0,1,0.00%,34.0
https://somto.it/film/yoroi-2025,0,1,0.00%,43.0
https://somto.it/film/zero-2009,0,1,0.00%,47.0
https://somto.it/film/zincirbozan-2007,0,1,0.00%,66.0
https://somto.it/quiz/barbie-2023,0,1,0.00%,4.0
https://somto.it/quiz/don-matteo-2000,0,1,0.00%,8.0
https://somto.it/quiz/la-sua-verita-2026,0,1,0.00%,1.0
https://somto.it/quiz/lost-2004,0,1,0.00%,10.0
https://somto.it/quiz/lupin-2021,0,1,0.00%,7.0
https://somto.it/quiz/man-vs-baby-2025,0,1,0.00%,5.0
https://somto.it/quiz/stranger-things-2016,0,1,0.00%,86.0
https://somto.it/quiz/the-boys-2019,0,1,0.00%,8.0
https://somto.it/quiz/your-name-2016,0,1,0.00%,8.0
https://somto.it/serie/1983-3,0,1,0.00%,56.0
https://somto.it/serie/1993-2,0,1,0.00%,49.0
https://somto.it/serie/1995,0,1,0.00%,4.0
https://somto.it/serie/2000,0,1,0.00%,2.0
https://somto.it/serie/2000-2,0,1,0.00%,53.0
https://somto.it/serie/2002-2,0,1,0.00%,51.0
https://somto.it/serie/2005-7,0,1,0.00%,34.0
https://somto.it/serie/2016-8,0,1,0.00%,37.0
https://somto.it/serie/2017-5,0,1,0.00%,23.0
https://somto.it/serie/2020-4,0,1,0.00%,50.0
https://somto.it/serie/2020-6,0,1,0.00%,68.0
https://somto.it/serie/2022-3,0,1,0.00%,48.0
https://somto.it/serie/2023-10,0,1,0.00%,9.0
https://somto.it/serie/2023-12,0,1,0.00%,53.0
https://somto.it/serie/2024-17,0,1,0.00%,20.0
https://somto.it/serie/2026-18,0,1,0.00%,62.0
https://somto.it/serie/21-2026,0,1,0.00%,70.0
https://somto.it/serie/a-rainha-da-persia-2024,0,1,0.00%,11.0
https://somto.it/serie/a-team-1983,0,1,0.00%,5.0
https://somto.it/serie/absentia-2017,0,1,0.00%,87.0
https://somto.it/serie/ai-confini-della-realta-1985,0,1,0.00%,74.0
https://somto.it/serie/airwolf-1984,0,1,0.00%,68.0
https://somto.it/serie/atlanta-2016,0,1,0.00%,29.0
https://somto.it/serie/bahar-2024,0,1,0.00%,75.0
https://somto.it/serie/baki-dou-l-invincibile-samurai-2026,0,1,0.00%,9.0
https://somto.it/serie/bates-motel-2013,0,1,0.00%,98.0
https://somto.it/serie/batman-1966,0,1,0.00%,29.0
https://somto.it/serie/big-mistakes-2026,0,1,0.00%,87.0
https://somto.it/serie/black-doves-2024,0,1,0.00%,80.0
https://somto.it/serie/blockbuster-2022,0,1,0.00%,79.0
https://somto.it/serie/bonanza-1959,0,1,0.00%,67.0
https://somto.it/serie/braccio-di-ferro-1960,0,1,0.00%,62.0
https://somto.it/serie/bull-2016,0,1,0.00%,17.0
https://somto.it/serie/buona-fortuna-charlie-2010,0,1,0.00%,67.0
https://somto.it/serie/catweazle-1970,0,1,0.00%,63.0
https://somto.it/serie/chernobyl-2019,0,1,0.00%,24.0
https://somto.it/serie/chicago-p-d-2014,0,1,0.00%,10.0
https://somto.it/serie/chihayafuru-2011,0,1,0.00%,10.0
https://somto.it/serie/citadel-honey-bunny-2024,0,1,0.00%,83.0
https://somto.it/serie/claymore-2007,0,1,0.00%,36.0
https://somto.it/serie/click-2000,0,1,0.00%,54.0
https://somto.it/serie/climax-1954,0,1,0.00%,60.0
https://somto.it/serie/colombo-1971,0,1,0.00%,72.0
https://somto.it/serie/community-2009,0,1,0.00%,7.0
https://somto.it/serie/como-agua-para-chocolate-2024,0,1,0.00%,74.0
https://somto.it/serie/cuore-e-batticuore-1979,0,1,0.00%,27.0
https://somto.it/serie/dario-gomez-el-rey-del-despecho-2024,0,1,0.00%,67.0
https://somto.it/serie/disney-twisted-wonderland-la-serie-animata-2025,0,1,0.00%,10.0
https://somto.it/serie/doctor-who-2005,0,1,0.00%,76.0
https://somto.it/serie/doctor-who-2024,0,1,0.00%,76.0
https://somto.it/serie/doom-patrol-2019,0,1,0.00%,8.0
https://somto.it/serie/ducktales-2017,0,1,0.00%,28.0
https://somto.it/serie/due-tombe-2025,0,1,0.00%,80.0
https://somto.it/serie/e-r-medici-in-prima-linea-1994,0,1,0.00%,79.0
https://somto.it/serie/echo-2024,0,1,0.00%,23.0
https://somto.it/serie/el-extrano-retorno-de-diana-salazar-2024,0,1,0.00%,49.0
https://somto.it/serie/elementary-2012,0,1,0.00%,37.0
https://somto.it/serie/ellen-1994,0,1,0.00%,52.0
https://somto.it/serie/endless-love-2015,0,1,0.00%,82.0
https://somto.it/serie/fallout-2024,0,1,0.00%,31.0
https://somto.it/serie/farscape-1999,0,1,0.00%,8.0
https://somto.it/serie/finding-her-edge-passione-sul-ghiaccio-2026,0,1,0.00%,92.0
https://somto.it/serie/freddy-s-nightmares-1988,0,1,0.00%,78.0
https://somto.it/serie/fuga-2026,0,1,0.00%,33.0
https://somto.it/serie/gatchaman-la-battaglia-dei-pianeti-1972,0,1,0.00%,91.0
https://somto.it/serie/gavin-stacey-2007,0,1,0.00%,77.0
https://somto.it/serie/get-smart-1965,0,1,0.00%,78.0
https://somto.it/serie/ghosts-2021,0,1,0.00%,40.0
https://somto.it/serie/girls-2012,0,1,0.00%,84.0
https://somto.it/serie/glaskupan-la-cupola-di-vetro-2025,0,1,0.00%,63.0
https://somto.it/serie/gli-intoccabili-1959,0,1,0.00%,85.0
https://somto.it/serie/gli-invasori-1967,0,1,0.00%,8.0
https://somto.it/serie/hamtaro-piccoli-criceti-grandi-avventure-2000,0,1,0.00%,72.0
https://somto.it/serie/hazbin-hotel-2024,0,1,0.00%,73.0
https://somto.it/serie/heavenly-ever-after-2025,0,1,0.00%,57.0
https://somto.it/serie/high-tides-knokke-off-2023,0,1,0.00%,71.0
https://somto.it/serie/hospital-playlist-2020,0,1,0.00%,99.0
https://somto.it/serie/hotel-1982,0,1,0.00%,56.0
https://somto.it/serie/hunter-1984,0,1,0.00%,68.0
https://somto.it/serie/i-forti-di-forte-coraggio-1965,0,1,0.00%,49.0
https://somto.it/serie/i-puffi-1981,0,1,0.00%,86.0
https://somto.it/serie/i-soprano-1999,0,1,0.00%,69.0
https://somto.it/serie/icarly-2007,0,1,0.00%,6.0
https://somto.it/serie/il-cuculo-di-cristallo-2025,0,1,0.00%,47.0
https://somto.it/serie/il-disastro-dell-heweliusz-2025,0,1,0.00%,26.0
https://somto.it/serie/il-giovane-ispettore-morse-2013,0,1,0.00%,85.0
https://somto.it/serie/il-tocco-di-un-angelo-1994,0,1,0.00%,4.0
https://somto.it/serie/il-trenino-thomas-1984,0,1,0.00%,49.0
https://somto.it/serie/instinct-2018,0,1,0.00%,21.0
https://somto.it/serie/intervista-col-vampiro-2022,0,1,0.00%,94.0
https://somto.it/serie/inuyasha-2000,0,1,0.00%,74.0
https://somto.it/serie/isekai-farming-vita-contadina-in-un-altro-mondo-2023,0,1,0.00%,83.0
https://somto.it/serie/jeopardy-1984,0,1,0.00%,63.0
https://somto.it/serie/jimmy-kimmel-live-2003,0,1,0.00%,100.0
https://somto.it/serie/joey-2004,0,1,0.00%,8.0
https://somto.it/serie/kardeslerim-2021,0,1,0.00%,77.0
https://somto.it/serie/karma-2025,0,1,0.00%,25.0
https://somto.it/serie/kingdom-2012,0,1,0.00%,84.0
https://somto.it/serie/l-ispettore-derrick-1974,0,1,0.00%,80.0
https://somto.it/serie/l-odissea-1991,0,1,0.00%,70.0
https://somto.it/serie/la-caduta-della-casa-degli-usher-2023,0,1,0.00%,8.0
https://somto.it/serie/la-casa-di-carta-2017,0,1,0.00%,72.0
https://somto.it/serie/la-leggenda-di-zang-hai-2025,0,1,0.00%,10.0
https://somto.it/serie/lawmen-la-storia-di-bass-reeves-2023,0,1,0.00%,65.0
https://somto.it/serie/lethal-weapon-2016,0,1,0.00%,77.0
https://somto.it/serie/lost-in-space-1965,0,1,0.00%,90.0
https://somto.it/serie/love-boat-1977,0,1,0.00%,91.0
https://somto.it/serie/lupin-iii-1971,0,1,0.00%,86.0
https://somto.it/serie/malcolm-2000,0,1,0.00%,18.0
https://somto.it/serie/malhacao-1995,0,1,0.00%,62.0
https://somto.it/serie/manhunt-2024,0,1,0.00%,57.0
https://somto.it/serie/masters-of-the-air-2024,0,1,0.00%,94.0
https://somto.it/serie/mentiras-la-serie-2025,0,1,0.00%,98.0
https://somto.it/serie/minder-1979,0,1,0.00%,69.0
https://somto.it/serie/mobland-2025,0,1,0.00%,50.0
https://somto.it/serie/mr-bates-vs-the-post-office-2024,0,1,0.00%,67.0
https://somto.it/serie/narcos-2015,0,1,0.00%,54.0
https://somto.it/serie/nash-bridges-1996,0,1,0.00%,62.0
https://somto.it/serie/non-dire-niente-2024,0,1,0.00%,69.0
https://somto.it/serie/olympo-2025,0,1,0.00%,7.0
https://somto.it/serie/outer-banks-2020,0,1,0.00%,99.0
https://somto.it/serie/over-there-2005,0,1,0.00%,97.0
https://somto.it/serie/overlord-2015,0,1,0.00%,56.0
https://somto.it/serie/parenthood-2010,0,1,0.00%,58.0
https://somto.it/serie/petticoat-junction-1963,0,1,0.00%,84.0
https://somto.it/serie/power-rangers-1993,0,1,0.00%,87.0
https://somto.it/serie/pretty-little-liars-2010,0,1,0.00%,93.0
https://somto.it/serie/qi-2003,0,1,0.00%,67.0
https://somto.it/serie/raccontami-2006,0,1,0.00%,98.0
https://somto.it/serie/reign-2013,0,1,0.00%,84.0
https://somto.it/serie/richard-judy-2001,0,1,0.00%,91.0
https://somto.it/serie/rosewood-2015,0,1,0.00%,9.0
https://somto.it/serie/sabrina-vita-da-strega-1996,0,1,0.00%,99.0
https://somto.it/serie/scorpion-2014,0,1,0.00%,27.0
https://somto.it/serie/scott-pilgrim-la-serie-2023,0,1,0.00%,94.0
https://somto.it/serie/seinfeld-1989,0,1,0.00%,78.0
https://somto.it/serie/sense8-2015,0,1,0.00%,85.0
https://somto.it/serie/senza-traccia-2002,0,1,0.00%,73.0
https://somto.it/serie/seven-doors-2024,0,1,0.00%,93.0
https://somto.it/serie/sex-education-2019,0,1,0.00%,97.0
https://somto.it/serie/sicilia-express,0,1,0.00%,44.0
https://somto.it/serie/snowfall-2017,0,1,0.00%,20.0
https://somto.it/serie/star-trek-1966,0,1,0.00%,95.0
https://somto.it/serie/star-wars-maul-shadow-lord-2026,0,1,0.00%,86.0
https://somto.it/serie/star-wars-the-clone-wars-2008,0,1,0.00%,87.0
https://somto.it/serie/stick-2025,0,1,0.00%,22.0
https://somto.it/serie/strega-per-amore-1965,0,1,0.00%,59.0
https://somto.it/serie/survivor-2000,0,1,0.00%,54.0
https://somto.it/serie/taboo-2017,0,1,0.00%,69.0
https://somto.it/serie/teen-titans-2003,0,1,0.00%,69.0
https://somto.it/serie/the-andy-griffith-show-1960,0,1,0.00%,58.0
https://somto.it/serie/the-artful-dodger-2023,0,1,0.00%,28.0
https://somto.it/serie/the-bear-2022,0,1,0.00%,100.0
https://somto.it/serie/the-beast-in-me-2025,0,1,0.00%,95.0
https://somto.it/serie/the-chosen-2019,0,1,0.00%,80.0
https://somto.it/serie/the-ellen-degeneres-show-2003,0,1,0.00%,67.0
https://somto.it/serie/the-end-of-an-era-2025,0,1,0.00%,6.0
https://somto.it/serie/the-fosters-2013,0,1,0.00%,42.0
https://somto.it/serie/the-good-doctor-2017,0,1,0.00%,99.0
https://somto.it/serie/the-good-wife-2009,0,1,0.00%,96.0
https://somto.it/serie/the-madness-2024,0,1,0.00%,89.0
https://somto.it/serie/the-mentalist-2008,0,1,0.00%,71.0
https://somto.it/serie/the-night-of-cosa-e-successo-quella-notte-2016,0,1,0.00%,76.0
https://somto.it/serie/the-wonderfools-2026,0,1,0.00%,96.0
https://somto.it/serie/today-1952,0,1,0.00%,57.0
https://somto.it/serie/tokyo-ghoul-2014,0,1,0.00%,93.0
https://somto.it/serie/totally-spies-che-magnifiche-spie-2002,0,1,0.00%,64.0
https://somto.it/serie/transformers-prime-2010,0,1,0.00%,84.0
https://somto.it/serie/travelers-2016,0,1,0.00%,7.0
https://somto.it/serie/vanished-2026,0,1,0.00%,83.0
https://somto.it/serie/variety-studio-actors-on-actors-2014,0,1,0.00%,97.0
https://somto.it/serie/veronica-mars-2004,0,1,0.00%,75.0
https://somto.it/serie/vigilante-2023,0,1,0.00%,12.0
https://somto.it/serie/w-2024,0,1,0.00%,16.0
https://somto.it/serie/yellowstone-2018,0,1,0.00%,46.0
https://somto.it/serie/young-sherlock-2026,0,1,0.00%,75.0
https://somto.it/serie/yu-gi-oh-duel-monsters-2000,0,1,0.00%,79.0
