querie,clicks,impressions,ctr,position
site:somto.it,0,21,0.00%,43.9
somto,5,14,35.71%,5.4
somto app,0,10,0.00%,9.1
jean baptiste grenouille storia vera,0,9,0.00%,77.9
jean-baptiste grenouille storia vera,0,9,0.00%,87.6
serie simili a breaking bad,0,9,0.00%,10.0
profumo film storia vera,0,8,0.00%,97.8
jean baptiste grenouille è esistito veramente,0,7,0.00%,89.7
eternals,0,6,0.00%,92.5
questo blog,0,6,0.00%,71.5
banchetto nuziale,0,5,0.00%,72.2
serie tv simili a breaking bad,0,5,0.00%,11.4
che cosa guardare,0,4,0.00%,81.8
equalizer 3,0,4,0.00%,90.8
film matilda 1996,0,4,0.00%,78.8
intacto,0,4,0.00%,82.5
muori.di.lei.2025,0,4,0.00%,92.0
alpha 2025,0,3,0.00%,36.3
app per scegliere film,0,3,0.00%,53.7
black hawk down,0,3,0.00%,81.3
bram stoker's dracula,0,3,0.00%,52.7
dove è ambientato aladdin,0,3,0.00%,81.7
el grinch movie,0,3,0.00%,77.7
film di cappuccetto rosso,0,3,0.00%,49.3
film enemy,0,3,0.00%,71.0
jean-baptiste grenouille è esistito veramente,0,3,0.00%,87.3
jui kuen ii,0,3,0.00%,73.7
la teoria del tutto,0,3,0.00%,85.0
merlin tv serie,0,3,0.00%,92.3
santo,0,3,0.00%,49.3
serie brooklyn nine nine,0,3,0.00%,86.3
sito per scegliere film,0,3,0.00%,83.0
sole e catinelle,0,3,0.00%,88.0
specto,0,3,0.00%,65.3
teenage mutant ninja turtles tartarughe ninja,0,3,0.00%,67.0
un poeta film,0,3,0.00%,84.7
21 2008 film,0,2,0.00%,81.0
21 movie,0,2,0.00%,85.5
21 vittoria,0,2,0.00%,94.5
5 seconds of summer film,0,2,0.00%,70.0
56 giorni,0,2,0.00%,93.0
american sniper 2014 movie,0,2,0.00%,60.5
attore di new moon,0,2,0.00%,97.5
barbie 2023,0,2,0.00%,93.0
beatrice cenci film,0,2,0.00%,84.0
birds of prey,0,2,0.00%,95.5
bogotá 2024,0,2,0.00%,12.5
born wild,0,2,0.00%,79.5
brookside,0,2,0.00%,47.5
cannon telefilm,0,2,0.00%,53.5
captain phillips,0,2,0.00%,96.5
cast di giovanna d'arco 1999,0,2,0.00%,73.5
cast di infinite film,0,2,0.00%,48.0
cenerentola 1950,0,2,0.00%,62.0
danny phantom,0,2,0.00%,76.5
dark harvest film,0,2,0.00%,91.0
diana vreeland film the eye has to travel,0,2,0.00%,66.5
en el.barro serie,0,2,0.00%,70.0
enemy 2013 film,0,2,0.00%,68.5
enemy movie film,0,2,0.00%,71.5
film aladdin,0,2,0.00%,96.0
film de pablo escobar,0,2,0.00%,85.0
film hercules,0,2,0.00%,33.0
film lets go,0,2,0.00%,43.5
film martin,0,2,0.00%,84.0
film settembre trama,0,2,0.00%,97.5
film spider man 2 2014,0,2,0.00%,74.0
film su michael jackson 2026,0,2,0.00%,79.0
film una pallottola spuntata 2025,0,2,0.00%,87.5
fnaf 2025,0,2,0.00%,40.5
fury,0,2,0.00%,88.0
fury brad pitt film,0,2,0.00%,75.0
giuseppe film,0,2,0.00%,73.0
hells on wheels,0,2,0.00%,68.0
honor society film,0,2,0.00%,41.5
hostage serie 2025,0,2,0.00%,84.0
i fratelli dalton,0,2,0.00%,54.0
i puffi film 2025,0,2,0.00%,79.5
ia intelligenza artificiale film,0,2,0.00%,86.5
kakegurui 2025,0,2,0.00%,80.0
l'amico fedele film 2025,0,2,0.00%,76.0
la pallottola spuntata 2025,0,2,0.00%,84.0
le crociate trailer,0,2,0.00%,87.5
link molto belli,0,2,0.00%,40.0
matilda sei mitica preside,0,2,0.00%,93.0
medusa sette anime,0,2,0.00%,90.0
notte prima degli esami 2026,0,2,0.00%,92.5
nuovo john candy: i like me serie,0,2,0.00%,26.5
orologio murder at the embassy in linea,0,2,0.00%,14.0
puffi film 2025,0,2,0.00%,86.0
quante puntate ligas,0,2,0.00%,90.5
robin hood serie 2025,0,2,0.00%,91.0
rotten tomatoes come funziona,0,2,0.00%,68.0
rotten tomatoes italia,0,2,0.00%,59.0
salem series,0,2,0.00%,75.5
scegliere un film,0,2,0.00%,71.5
serie pluto,0,2,0.00%,75.5
serie timeless,0,2,0.00%,79.5
settembre film,0,2,0.00%,87.5
smallville telefilm italia,0,2,0.00%,83.5
sopravvissuto - the martian,0,2,0.00%,95.0
souls film,0,2,0.00%,86.0
specto app,0,2,0.00%,33.5
specto tv,0,2,0.00%,44.0
spider man un nuovo universo,0,2,0.00%,95.0
spider-man film,0,2,0.00%,89.5
the end of eva,0,2,0.00%,72.0
the equalizer 3,0,2,0.00%,86.0
the slumber party massacre,0,2,0.00%,70.5
the ticket,0,2,0.00%,75.5
the witcher la banda dei ratti 2025,0,2,0.00%,50.5
time to space,0,2,0.00%,53.5
trama fury,0,2,0.00%,93.0
ultimo dei mohicani,0,2,0.00%,67.5
una pallottola spuntata 2025,0,2,0.00%,78.5
ventuno film,0,2,0.00%,81.5
voto film,0,2,0.00%,87.0
fatal bond (1991),1,1,100.00%,69.0
1 film twilight,0,1,0.00%,72.0
2006 superman returns,0,1,0.00%,57.0
2009 film sherlock holmes,0,1,0.00%,87.0
2014 lucy,0,1,0.00%,84.0
21 film,0,1,0.00%,82.0
21 movie cast,0,1,0.00%,77.0
21 movies,0,1,0.00%,69.0
21 spacey,0,1,0.00%,86.0
21 the film,0,1,0.00%,78.0
365 giorni di cosa parla,0,1,0.00%,93.0
40 acres,0,1,0.00%,50.0
5 potere,0,1,0.00%,76.0
5sos how did we end up here movie,0,1,0.00%,71.0
a toute vitesse film,0,1,0.00%,76.0
abbandonata dal destino,0,1,0.00%,50.0
abbasso l'amore,0,1,0.00%,47.0
absentia trama,0,1,0.00%,87.0
actors on actors,0,1,0.00%,97.0
ad vitam,0,1,0.00%,53.0
ad vitam film 2025,0,1,0.00%,34.0
addio mia concubina dove vederlo,0,1,0.00%,30.0
ai confini della realtà,0,1,0.00%,74.0
air wolf,0,1,0.00%,68.0
al vertice della tensione trama,0,1,0.00%,89.0
aladdin 1992,0,1,0.00%,75.0
aladdin 1992 film,0,1,0.00%,77.0
aladdin 1992 movies,0,1,0.00%,73.0
aladdin 92,0,1,0.00%,80.0
aladdin cartone,0,1,0.00%,88.0
alarum 2,0,1,0.00%,71.0
alarum 2025,0,1,0.00%,49.0
alice il paese delle meraviglie film,0,1,0.00%,76.0
alice specchio,0,1,0.00%,87.0
alla ricerca di joy,0,1,0.00%,34.0
alpha film 2025,0,1,0.00%,44.0
altered 2025,0,1,0.00%,44.0
altered film 2025,0,1,0.00%,45.0
ameli film,0,1,0.00%,57.0
anakin star wars 3,0,1,0.00%,76.0
andiamo a quel paese film,0,1,0.00%,97.0
angeli dell'inferno sulle ruote,0,1,0.00%,50.0
anne hathaway 2015,0,1,0.00%,63.0
annie,0,1,0.00%,77.0
ant and wasp,0,1,0.00%,89.0
ant-man movie,0,1,0.00%,66.0
antaro cartone,0,1,0.00%,72.0
anvil film,0,1,0.00%,27.0
apaches film,0,1,0.00%,82.0
apocalypto 2006 film,0,1,0.00%,22.0
apollo movie tom hanks,0,1,0.00%,62.0
app per scegliere film in coppia,0,1,0.00%,49.0
app per segnare i film visti,0,1,0.00%,63.0
app recensioni film,0,1,0.00%,69.0
arcana film,0,1,0.00%,90.0
archibald serie tv,0,1,0.00%,54.0
argos film,0,1,0.00%,88.0
aristotle and dante discover the secrets of the universe film,0,1,0.00%,56.0
arthur and merlin film,0,1,0.00%,69.0
asalto a la tierra,0,1,0.00%,78.0
avvocato ligas cast,0,1,0.00%,97.0
avvocato ligas cast primo episodio,0,1,0.00%,91.0
avvocato ligas quante puntate,0,1,0.00%,91.0
bambi film 2025,0,1,0.00%,57.0
barbie movie 2023,0,1,0.00%,76.0
baywatch the film,0,1,0.00%,79.0
bender,0,1,0.00%,91.0
benvenuto a eden,0,1,0.00%,93.0
berlinguer ti voglio bene trailer,0,1,0.00%,90.0
big mistakes,0,1,0.00%,87.0
bishop film,0,1,0.00%,63.0
black hawk down 2001,0,1,0.00%,79.0
black hawk down movie,0,1,0.00%,79.0
blockbuster series,0,1,0.00%,79.0
blood star film trama,0,1,0.00%,72.0
bogoto,0,1,0.00%,65.0
bojack television show,0,1,0.00%,45.0
braccio di ferro episodi,0,1,0.00%,62.0
bram stoker s dracula,0,1,0.00%,50.0
brazil movie,0,1,0.00%,83.0
breaking bad serie simili,0,1,0.00%,13.0
bruce lee movie dragon bruce lee story,0,1,0.00%,59.0
bunker film,0,1,0.00%,82.0
butterfly 2025 tv series,0,1,0.00%,92.0
butterfly effect 2004,0,1,0.00%,48.0
caccia a ottobre rosso storia vera,0,1,0.00%,97.0
call me saul,0,1,0.00%,97.0
cambiare la vita con un click,0,1,0.00%,71.0
cambio vita,0,1,0.00%,92.0
capitan america film,0,1,0.00%,75.0
captain america 2011,0,1,0.00%,67.0
captain america 2016 film,0,1,0.00%,76.0
captain america film,0,1,0.00%,67.0
captain america: il primo vendicatore,0,1,0.00%,93.0
captain phillips movie,0,1,0.00%,83.0
carrie lo sguardo di satana,0,1,0.00%,90.0
carry on,0,1,0.00%,89.0
cartone lupin,0,1,0.00%,86.0
casinò 1995 film,0,1,0.00%,78.0
cast 21 film,0,1,0.00%,76.0
cast di decisione critica,0,1,0.00%,56.0
cast di doctor who 2024,0,1,0.00%,76.0
cast di dragon - la storia di bruce lee,0,1,0.00%,83.0
cast di enemy,0,1,0.00%,100.0
cast di fascino fatale,0,1,0.00%,60.0
cast di good doctor,0,1,0.00%,99.0
cast di honor society,0,1,0.00%,12.0
cast di il cuculo di cristallo,0,1,0.00%,47.0
cast di la matassa,0,1,0.00%,78.0
cast di lucifer,0,1,0.00%,89.0
cast di piccole canaglie,0,1,0.00%,62.0
cast di pretty little liars,0,1,0.00%,93.0
cast di spider man far from home,0,1,0.00%,91.0
cast di the bear,0,1,0.00%,100.0
cast di the empress,0,1,0.00%,98.0
cast di the twilight saga,0,1,0.00%,90.0
cast di totally spies,0,1,0.00%,64.0
cast di un bel giorno,0,1,0.00%,67.0
cast di un cottage da sogno,0,1,0.00%,30.0
cast sole a catinelle,0,1,0.00%,93.0
castsex education,0,1,0.00%,97.0
catinelle,0,1,0.00%,100.0
catweazle,0,1,0.00%,63.0
centipede man,0,1,0.00%,70.0
champange problems,0,1,0.00%,88.0
che bella giornata cast,0,1,0.00%,98.0
che dio ci aiuti,0,1,0.00%,70.0
chernobyl film,0,1,0.00%,47.0
chernobyl il film,0,1,0.00%,26.0
chiamatemi anna cast,0,1,0.00%,99.0
chiamatemi anna serie tv,0,1,0.00%,91.0
ci vuole un fisico film,0,1,0.00%,54.0
cin cin serie televisiva,0,1,0.00%,80.0
cin cin serie tv,0,1,0.00%,26.0
citadel honey bunny,0,1,0.00%,83.0
città di aladdin,0,1,0.00%,46.0
collateral 2004,0,1,0.00%,56.0
colombo serial,0,1,0.00%,72.0
communion,0,1,0.00%,53.0
como agua para chocolate,0,1,0.00%,74.0
corto maltese film,0,1,0.00%,80.0
cosa guardare,0,1,0.00%,19.0
creed nato per combattere,0,1,0.00%,56.0
creepypasta 2023,0,1,0.00%,70.0
crociate film,0,1,0.00%,93.0
d artagnan film 2023,0,1,0.00%,65.0
d'artagnan film 2023,0,1,0.00%,70.0
dalton wikipedia,0,1,0.00%,65.0
damien omen 2,0,1,0.00%,67.0
damien: omen 2,0,1,0.00%,67.0
danny phantom series,0,1,0.00%,71.0
dario serie,0,1,0.00%,67.0
dark harvest movie,0,1,0.00%,87.0
dead end,0,1,0.00%,85.0
dead mine film,0,1,0.00%,47.0
dead shack film,0,1,0.00%,62.0
deathstalker 2025,0,1,0.00%,64.0
decisione critica film,0,1,0.00%,50.0
delle tartarughe ninja,0,1,0.00%,62.0
dick e jane,0,1,0.00%,87.0
dirty john,0,1,0.00%,72.0
disney aladdin 1992,0,1,0.00%,84.0
disney film aladdin,0,1,0.00%,73.0
dodger astuto,0,1,0.00%,28.0
don giovanni e lucrezia borgia,0,1,0.00%,14.0
dracula bram stoker film,0,1,0.00%,39.0
dracula di bram,0,1,0.00%,35.0
dragon film bruce lee,0,1,0.00%,74.0
dragon movie bruce lee,0,1,0.00%,70.0
dragon the bruce lee,0,1,0.00%,66.0
drama nikita,0,1,0.00%,63.0
due tombe,0,1,0.00%,80.0
edmond dantes film,0,1,0.00%,82.0
el asesino del calendario 2025,0,1,0.00%,86.0
el patron del mal,0,1,0.00%,65.0
el.conde,0,1,0.00%,97.0
elite,0,1,0.00%,72.0
elite tv series,0,1,0.00%,72.0
elitè,0,1,0.00%,71.0
ellen's show,0,1,0.00%,67.0
empire drama,0,1,0.00%,72.0
endless love film turco,0,1,0.00%,82.0
enemies film,0,1,0.00%,77.0
enemy 2013 movie,0,1,0.00%,73.0
enemy film,0,1,0.00%,69.0
enemy film jake gyllenhaal,0,1,0.00%,74.0
enemy gyllenhaal,0,1,0.00%,78.0
enemy movie 2013,0,1,0.00%,71.0
equalizer serie,0,1,0.00%,84.0
eternals cinema,0,1,0.00%,78.0
eternals movie,0,1,0.00%,77.0
eva,0,1,0.00%,100.0
eva 2018,0,1,0.00%,88.0
eva movie,0,1,0.00%,69.0
evangelion the end,0,1,0.00%,75.0
f r o s t,0,1,0.00%,96.0
fallout 2024,0,1,0.00%,31.0
fantacalcio film,0,1,0.00%,72.0
fascino fatale 2,0,1,0.00%,67.0
fiction raccontami,0,1,0.00%,98.0
film 2026 da vedere,0,1,0.00%,65.0
film 21,0,1,0.00%,84.0
film 21 2008,0,1,0.00%,87.0
film amnet,0,1,0.00%,95.0
film andiamo a quel paese,0,1,0.00%,96.0
film baldovino,0,1,0.00%,97.0
film bionde,0,1,0.00%,85.0
film brain,0,1,0.00%,75.0
film brazilian,0,1,0.00%,75.0
film bunker,0,1,0.00%,81.0
film collateral,0,1,0.00%,83.0
film confessions,0,1,0.00%,83.0
film corto maltese,0,1,0.00%,73.0
film crociate,0,1,0.00%,87.0
film cuore impavido,0,1,0.00%,87.0
film dawn of justice,0,1,0.00%,97.0
film dei puffi 2025,0,1,0.00%,84.0
film del grinch,0,1,0.00%,96.0
film di alice nel paese delle meraviglie,0,1,0.00%,71.0
film di barbie 2023,0,1,0.00%,87.0
film di giuseppe,0,1,0.00%,72.0
film di matilda,0,1,0.00%,64.0
film due mondi paralleli,0,1,0.00%,81.0
film dune trama,0,1,0.00%,87.0
film eternals,0,1,0.00%,94.0
film giuseppe,0,1,0.00%,83.0
film hamlet 2026,0,1,0.00%,96.0
film hamnet,0,1,0.00%,93.0
film hilk,0,1,0.00%,95.0
film honor society,0,1,0.00%,33.0
film horror da vedere,0,1,0.00%,83.0
film hulk,0,1,0.00%,98.0
film i puffi 2025,0,1,0.00%,84.0
film i tre moschettieri 2023,0,1,0.00%,74.0
film il caffe della pazza gioia,0,1,0.00%,57.0
film il labirinto,0,1,0.00%,79.0
film il silenzio del mare,0,1,0.00%,68.0
film il tempo delle mele,0,1,0.00%,82.0
film jujutsu kaisen 2025,0,1,0.00%,81.0
film lost river,0,1,0.00%,92.0
film luisa spagnoli,0,1,0.00%,94.0
film navicella spaziale ibernazione,0,1,0.00%,89.0
film outfit,0,1,0.00%,92.0
film petroliera,0,1,0.00%,83.0
film pink panther 2,0,1,0.00%,78.0
film point de fuite,0,1,0.00%,24.0
film profumo,0,1,0.00%,85.0
film puffi 2025,0,1,0.00%,88.0
film return to sender,0,1,0.00%,73.0
film sense8,0,1,0.00%,85.0
film sleeping,0,1,0.00%,80.0
film sopravvissuto,0,1,0.00%,97.0
film spiderman 2014,0,1,0.00%,78.0
film su biancaneve,0,1,0.00%,90.0
film sui profumi,0,1,0.00%,89.0
film sul brasile,0,1,0.00%,85.0
film sulle bionde,0,1,0.00%,89.0
film terminator 2,0,1,0.00%,72.0
film the grinch who stole christmas,0,1,0.00%,68.0
film the network,0,1,0.00%,90.0
film the punisher 2004,0,1,0.00%,77.0
film the rifleman,0,1,0.00%,105.0
film the sisters,0,1,0.00%,82.0
film twilight new moon,0,1,0.00%,84.0
film una battaglia dopo l'altra,0,1,0.00%,93.0
film violet,0,1,0.00%,72.0
film wrong turn,0,1,0.00%,83.0
films dracula,0,1,0.00%,70.0
fino alle montagne,0,1,0.00%,54.0
fixed film,0,1,0.00%,70.0
fly me to moon movie,0,1,0.00%,73.0
fly me to the moon film,0,1,0.00%,70.0
francesca dellera la carne,0,1,0.00%,78.0
frank castle film,0,1,0.00%,69.0
frank costello faccia d angelo,0,1,0.00%,98.0
freddy's nightmare,0,1,0.00%,78.0
frost film,0,1,0.00%,78.0
fury 2014 cast,0,1,0.00%,85.0
fury brad pitt,0,1,0.00%,73.0
fury movie,0,1,0.00%,77.0
fury trama,0,1,0.00%,93.0
game of shadows movie,0,1,0.00%,74.0
gatchaman,0,1,0.00%,91.0
gavin & stacey,0,1,0.00%,77.0
get smart,0,1,0.00%,78.0
ghostbusters 2021,0,1,0.00%,95.0
giovanna d'arco film,0,1,0.00%,78.0
gli intoccabili film italiano,0,1,0.00%,85.0
good wife show,0,1,0.00%,96.0
grinch il film,0,1,0.00%,88.0
grinch jim,0,1,0.00%,83.0
grinch jim carrey,0,1,0.00%,88.0
grinch movies,0,1,0.00%,75.0
halloween la notte delle streghe,0,1,0.00%,100.0
hambet,0,1,0.00%,80.0
hamnet film,0,1,0.00%,96.0
hamnet movie,0,1,0.00%,94.0
hanmet,0,1,0.00%,87.0
happy glimore,0,1,0.00%,96.0
hara-kiri film,0,1,0.00%,93.0
harbin 2024,0,1,0.00%,67.0
harry potter 6 cast,0,1,0.00%,66.0
harry potter e il calice di fuoco cast,0,1,0.00%,66.0
harry potter e il principe mezzosangue,0,1,0.00%,77.0
harry potter principe mezzosangue,0,1,0.00%,75.0
harry potter sesto film,0,1,0.00%,65.0
he equalizer 3,0,1,0.00%,89.0
heavenly ever after,0,1,0.00%,57.0
hercules film,0,1,0.00%,37.0
hero 2002 film,0,1,0.00%,77.0
high strung,0,1,0.00%,90.0
honor society del cinema,0,1,0.00%,35.0
honor society dvd,0,1,0.00%,51.0
honor society filmer,0,1,0.00%,39.0
honor society movie,0,1,0.00%,58.0
honor society pieno del cinema,0,1,0.00%,70.0
hooland,0,1,0.00%,99.0
hotel bates,0,1,0.00%,98.0
house of darkness film,0,1,0.00%,83.0
how i meet,0,1,0.00%,95.0
how i meet your mom,0,1,0.00%,99.0
how met your,0,1,0.00%,95.0
humnet,0,1,0.00%,61.0
hunger game quiz,0,1,0.00%,89.0
hunt witch,0,1,0.00%,71.0
hunter telefilm,0,1,0.00%,68.0
i dannati non piangono,0,1,0.00%,49.0
i forti di forte coraggio,0,1,0.00%,49.0
i moschettieri del re 2023,0,1,0.00%,69.0
i puffi il film 2025,0,1,0.00%,78.0
i robot sonny,0,1,0.00%,76.0
i swear movie,0,1,0.00%,73.0
i tre moschettieri film 2023,0,1,0.00%,69.0
iar medici in prima linea,0,1,0.00%,79.0
il bene e il male film,0,1,0.00%,93.0
il caso moro,0,1,0.00%,65.0
il diritto di uccidere 1950,0,1,0.00%,75.0
il disastro dell'heweliusz,0,1,0.00%,26.0
il giorno del giudizio 2000,0,1,0.00%,68.0
il giro del mondo in 80 giorni film 2021,0,1,0.00%,68.0
il grinch jim carrey,0,1,0.00%,80.0
il mio matrimonio perfetto,0,1,0.00%,57.0
il mistero delle lettere perdute: cotti a puntino 2016,0,1,0.00%,8.0
il mondo sottosopra film,0,1,0.00%,89.0
il pianeta delle scimmie 1968,0,1,0.00%,83.0
il primo natale,0,1,0.00%,74.0
il re dei re,0,1,0.00%,82.0
il ritorno del re signore degli anelli,0,1,0.00%,87.0
il ritorno di diana,0,1,0.00%,49.0
il terrorista,0,1,0.00%,95.0
il terrorista film,0,1,0.00%,87.0
impero film,0,1,0.00%,75.0
indovina perchè ti odio streaming,0,1,0.00%,37.0
inheritance 2025,0,1,0.00%,66.0
intervista col vampiro 2022,0,1,0.00%,94.0
inuyasha programma televisivo,0,1,0.00%,74.0
iron man 2013 movie,0,1,0.00%,56.0
isekai farmer,0,1,0.00%,83.0
islands,0,1,0.00%,86.0
islands film,0,1,0.00%,69.0
ispettore derrick wikipedia,0,1,0.00%,80.0
isteni műszak teljes film,0,1,0.00%,55.0
it ends 2025,0,1,0.00%,84.0
jackson maine biografia,0,1,0.00%,99.0
james bond gold,0,1,0.00%,65.0
jean x men movie,0,1,0.00%,64.0
jim carrey il grinch,0,1,0.00%,87.0
jim carrey the grinch,0,1,0.00%,72.0
jimmy kimmel live tv show,0,1,0.00%,100.0
john dirty,0,1,0.00%,68.0
journey to the moon movie,0,1,0.00%,59.0
jungle cruise,0,1,0.00%,71.0
kardeslerim,0,1,0.00%,77.0
kissed film,0,1,0.00%,79.0
knokke off,0,1,0.00%,71.0
l amore infedele,0,1,0.00%,52.0
l ombra del guerriero,0,1,0.00%,70.0
l ultimo dei mohicani trama,0,1,0.00%,100.0
l ultimo dei moicani,0,1,0.00%,70.0
l'amore dimenticato,0,1,0.00%,61.0
l'amore dimenticato film,0,1,0.00%,61.0
l'amore infedele unfaithful,0,1,0.00%,76.0
l'imperatrice,0,1,0.00%,90.0
l'inverno più duro film,0,1,0.00%,44.0
la bella e la bestia italia film,0,1,0.00%,88.0
la carne,0,1,0.00%,97.0
la carne film finale,0,1,0.00%,87.0
la casa dei mostri film,0,1,0.00%,55.0
la concubina film,0,1,0.00%,85.0
la cupola di vetro trama,0,1,0.00%,63.0
la guerra dei roses 2025,0,1,0.00%,87.0
la lista di schindler,0,1,0.00%,92.0
la macchia della morte,0,1,0.00%,42.0
la notte arriva sempre film,0,1,0.00%,71.0
la notte su di noi,0,1,0.00%,76.0
la piccola fiammiferaia film 1987,0,1,0.00%,73.0
la prova della verità,0,1,0.00%,72.0
la vita secondo jim,0,1,0.00%,76.0
land of heaven,0,1,0.00%,66.0
lawmen la storia di bass reeves,0,1,0.00%,65.0
le avventure di peter pan 1953,0,1,0.00%,68.0
le conde film,0,1,0.00%,90.0
le crociate - kingdom of heaven trailer,0,1,0.00%,79.0
le indagini di hailey dean,0,1,0.00%,35.0
legami pericolosi,0,1,0.00%,72.0
lethal weapon riggs,0,1,0.00%,77.0
ligas quante puntate,0,1,0.00%,89.0
ligas quanti episodi,0,1,0.00%,95.0
lilo stitch 2002,0,1,0.00%,59.0
lo stato contro fritz bauer,0,1,0.00%,76.0
london calling 2025,0,1,0.00%,62.0
london.calling.2025,0,1,0.00%,63.0
lorraine warren film,0,1,0.00%,90.0
lost in the space serie,0,1,0.00%,90.0
lost river,0,1,0.00%,90.0
lucy movie 2014,0,1,0.00%,83.0
lunar film,0,1,0.00%,80.0
madagaskar 3,0,1,0.00%,62.0
madre film,0,1,0.00%,80.0
maestro delle tartarughe ninja,0,1,0.00%,68.0
malefica film,0,1,0.00%,86.0
malena film,0,1,0.00%,142.0
malhacao,0,1,0.00%,62.0
margin call film spiegazione,0,1,0.00%,98.0
margin call italiano,0,1,0.00%,84.0
marija,0,1,0.00%,60.0
mask film,0,1,0.00%,81.0
masters of the air,0,1,0.00%,94.0
matassa film,0,1,0.00%,94.0
matilda 1996 film,0,1,0.00%,80.0
matrimonio a long island,0,1,0.00%,72.0
matrix peli,0,1,0.00%,80.0
mcwalter,0,1,0.00%,60.0
mentiras netflix stagione 2,0,1,0.00%,98.0
merlin 2008 tv series,0,1,0.00%,81.0
merlin personaggi,0,1,0.00%,96.0
minder,0,1,0.00%,69.0
mission impossible 1,0,1,0.00%,86.0
mission impossible rogue nation tom cruise,0,1,0.00%,82.0
mission: impossible 2023,0,1,0.00%,41.0
mister vampire,0,1,0.00%,61.0
misteri dal profondo,0,1,0.00%,85.0
mom serie,0,1,0.00%,96.0
monkey shine,0,1,0.00%,63.0
monkey shines,0,1,0.00%,69.0
monkey shines - esperimento nel terrore,0,1,0.00%,48.0
monkey shines monkey,0,1,0.00%,64.0
morse telefilm,0,1,0.00%,85.0
motorhead series,0,1,0.00%,81.0
movi to,0,1,0.00%,73.0
movie a.i. artificial intelligence,0,1,0.00%,78.0
movie equalizer,0,1,0.00%,69.0
movie eva,0,1,0.00%,69.0
movie fury,0,1,0.00%,83.0
movie grinch,0,1,0.00%,78.0
movie of iron man 2,0,1,0.00%,83.0
movie the bee movie,0,1,0.00%,60.0
mr bates,0,1,0.00%,67.0
mr vampire,0,1,0.00%,61.0
mr vampire 1985,0,1,0.00%,61.0
mulan 1998,0,1,0.00%,68.0
mulan film,0,1,0.00%,83.0
mulan ii film,0,1,0.00%,65.0
mutant ninja,0,1,0.00%,62.0
neighborhood watch 2025,0,1,0.00%,55.0
neon genesis evangelion the end of evangelion,0,1,0.00%,73.0
nessuna traccia,0,1,0.00%,73.0
night carnage,0,1,0.00%,15.0
nightmare 1981,0,1,0.00%,65.0
nina che dio ci aiuti,0,1,0.00%,52.0
no entry 2005,0,1,0.00%,57.0
no entry film,0,1,0.00%,60.0
no entry movie,0,1,0.00%,63.0
nome topo tartarughe ninja,0,1,0.00%,73.0
nomi dalton,0,1,0.00%,71.0
non abbiam bisogno di parole 2026,0,1,0.00%,90.0
non dire niente,0,1,0.00%,69.0
nosferatu 2024,0,1,0.00%,85.0
notte prima degli esami 3.0 cinema,0,1,0.00%,65.0
notte prima degli esami 3.0 film,0,1,0.00%,87.0
nouvelle vague film,0,1,0.00%,99.0
now you see me 2 2016,0,1,0.00%,98.0
nuovo night carnage,0,1,0.00%,13.0
nuovo roofman del cinema,0,1,0.00%,32.0
nymphomaniac,0,1,0.00%,71.0
odissea canale 5,0,1,0.00%,70.0
odissea film 1997,0,1,0.00%,56.0
omen damien thorn,0,1,0.00%,61.0
on the ice film,0,1,0.00%,97.0
onigoroshi demon city,0,1,0.00%,81.0
orologio billie eilish: hit me hard and soft - the tour live in 3d in linea gratuito,0,1,0.00%,39.0
orsa madagascar 3,0,1,0.00%,48.0
oscar shaw 2026,0,1,0.00%,10.0
osiris.2025,0,1,0.00%,61.0
out of love film,0,1,0.00%,80.0
outer banks trama,0,1,0.00%,99.0
overlord 2015,0,1,0.00%,56.0
passengers movie 2008,0,1,0.00%,83.0
passione sul ghiaccio cast,0,1,0.00%,92.0
pavana 2026,0,1,0.00%,76.0
pecore sotto copertura film,0,1,0.00%,71.0
per amore della verità,0,1,0.00%,61.0
perfect addiction film,0,1,0.00%,66.0
perfect stranger film spiegazione finale,0,1,0.00%,98.0
persona film,0,1,0.00%,82.0
petticoat junction,0,1,0.00%,84.0
piglet film,0,1,0.00%,47.0
pinocchio cinema,0,1,0.00%,72.0
pinocchio di guillermo del toro,0,1,0.00%,90.0
pocahontas film,0,1,0.00%,72.0
pocahontas il film,0,1,0.00%,69.0
pomodori verdi fritti alla fermata del treno,0,1,0.00%,93.0
power 2014,0,1,0.00%,52.0
power ranger movie 2017,0,1,0.00%,72.0
power rangers 2017,0,1,0.00%,78.0
power telefilm,0,1,0.00%,83.0
profumi film,0,1,0.00%,82.0
profumo di un assassino,0,1,0.00%,91.0
providence tv serie,0,1,0.00%,62.0
psycho killer 2026,0,1,0.00%,44.0
puffi 2025,0,1,0.00%,89.0
puffi il film,0,1,0.00%,80.0
quella strada nel bosco,0,1,0.00%,60.0
quinto potere,0,1,0.00%,43.0
quiz demon slayer,0,1,0.00%,74.0
quiz mare fuori,0,1,0.00%,68.0
quiz su demon slayer,0,1,0.00%,69.0
quizzes hunger games,0,1,0.00%,86.0
real life film,0,1,0.00%,74.0
redemption statham,0,1,0.00%,79.0
reign serie,0,1,0.00%,84.0
relay informazioni pericolose,0,1,0.00%,55.0
relay: informazioni pericolose,0,1,0.00%,42.0
return to sender movie,0,1,0.00%,78.0
ritrovo per appassionati di film,0,1,0.00%,89.0
robocop filmografia,0,1,0.00%,87.0
rotten tomatoes significato,0,1,0.00%,72.0
s a n t o,0,1,0.00%,26.0
saul goodman better call saul,0,1,0.00%,95.0
sauron film,0,1,0.00%,63.0
scarface regia,0,1,0.00%,95.0
scegli film,0,1,0.00%,88.0
scegli un film,0,1,0.00%,82.0
scegliere film,0,1,0.00%,85.0
scott pilgrim - la serie,0,1,0.00%,94.0
scream vi,0,1,0.00%,65.0
secretary wikipedia,0,1,0.00%,82.0
seinfeld bee movie,0,1,0.00%,46.0
self less trama,0,1,0.00%,81.0
self/less trama,0,1,0.00%,80.0
serie da guardare assolutamente,0,1,0.00%,38.0
serie empire,0,1,0.00%,82.0
serie kingdom,0,1,0.00%,84.0
serie la casa di carta,0,1,0.00%,72.0
serie nikita,0,1,0.00%,70.0
serie power rangers,0,1,0.00%,87.0
serie sabrina vita da strega,0,1,0.00%,99.0
serie simili a stranger things,0,1,0.00%,41.0
serie tv bonanza,0,1,0.00%,67.0
serie tv di streghe,0,1,0.00%,93.0
serie tv salem,0,1,0.00%,82.0
serie tv simile a breaking bad,0,1,0.00%,12.0
serie tv smallville,0,1,0.00%,73.0
series seinfeld,0,1,0.00%,78.0
settembre film 2022,0,1,0.00%,95.0
shadow force pieno del cinema,0,1,0.00%,38.0
shame film significato,0,1,0.00%,97.0
shameless,0,1,0.00%,75.0
shameless serie,0,1,0.00%,81.0
sherlock holmes 1 movie,0,1,0.00%,66.0
sherlock holmes 2009,0,1,0.00%,90.0
shutter islanf,0,1,0.00%,80.0
signorina agatha trinciabue,0,1,0.00%,69.0
simons film,0,1,0.00%,40.0
sinfonia della fattoria,0,1,0.00%,40.0
skylight,0,1,0.00%,45.0
sleepers tommy,0,1,0.00%,89.0
sleeping.dogs.2024,0,1,0.00%,48.0
smallville prima serie,0,1,0.00%,65.0
smallville tv series,0,1,0.00%,72.0
sole a,0,1,0.00%,100.0
sole a catinelle,0,1,0.00%,93.0
sopravvissuto film,0,1,0.00%,100.0
sopravvissuto the martian,0,1,0.00%,97.0
sorelle sbagliate serie tv,0,1,0.00%,94.0
sospetti in famiglia,0,1,0.00%,60.0
space time,0,1,0.00%,69.0
space/time,0,1,0.00%,67.0
spider man miles morales film,0,1,0.00%,78.0
spider-man - film 1,0,1,0.00%,81.0
spider-man: un nuovo universo,0,1,0.00%,97.0
spiderman 3,0,1,0.00%,80.0
spiderman fil,0,1,0.00%,93.0
spiderman film 1,0,1,0.00%,72.0
spiderman primo film,0,1,0.00%,93.0
spiderman the amazing 2,0,1,0.00%,77.0
splitsville film,0,1,0.00%,65.0
spongebob il film,0,1,0.00%,91.0
star trek serie original,0,1,0.00%,95.0
star wars the clone wars film 2008,0,1,0.00%,87.0
star wars the clone wars maul,0,1,0.00%,86.0
storia di bruce lee film,0,1,0.00%,82.0
streaming commenti,0,1,0.00%,86.0
strega d amore,0,1,0.00%,59.0
streghe cartone,0,1,0.00%,72.0
streghe poteri,0,1,0.00%,50.0
streghe telefilm,0,1,0.00%,80.0
subject two,0,1,0.00%,76.0
survive,0,1,0.00%,93.0
survivor italia 2001,0,1,0.00%,54.0
su×bad - tre menti sopra il pelo,0,1,0.00%,16.0
swimfan,0,1,0.00%,61.0
teamto,0,1,0.00%,85.0
ted film,0,1,0.00%,82.0
teen titans 2003,0,1,0.00%,69.0
tenero e violento,0,1,0.00%,29.0
terminator 1991,0,1,0.00%,64.0
terminator 2 film,0,1,0.00%,81.0
terminator 2 film wiki,0,1,0.00%,53.0
terminator 2 trama,0,1,0.00%,86.0
terminator il giorno del giudizio,0,1,0.00%,64.0
the amazing spider man,0,1,0.00%,74.0
the amazing spider-man,0,1,0.00%,73.0
the amazing spiderman,0,1,0.00%,76.0
the andy griffith show,0,1,0.00%,58.0
the bad seed returns,0,1,0.00%,54.0
the batman 2004,0,1,0.00%,70.0
the batman 2004 batman,0,1,0.00%,108.0
the beast of me,0,1,0.00%,95.0
the conjuring 2021,0,1,0.00%,77.0
the crash incidente o omicidio,0,1,0.00%,53.0
the district,0,1,0.00%,49.0
the end evangelion,0,1,0.00%,78.0
the enemy 2013,0,1,0.00%,76.0
the equaliser 3,0,1,0.00%,94.0
the equalizer serie,0,1,0.00%,98.0
the equilizer 3,0,1,0.00%,89.0
the eternals,0,1,0.00%,95.0
the fighter,0,1,0.00%,85.0
the fighter movies,0,1,0.00%,67.0
the informer movie,0,1,0.00%,32.0
the madness,0,1,0.00%,89.0
the man from toronto,0,1,0.00%,73.0
the martian film,0,1,0.00%,99.0
the marts,0,1,0.00%,94.0
the millionaire film storia vera,0,1,0.00%,100.0
the moment del cinemas,0,1,0.00%,33.0
the movie honor society,0,1,0.00%,56.0
the omen ii,0,1,0.00%,68.0
the outfit netflix,0,1,0.00%,74.0
the piglet,0,1,0.00%,66.0
the plague 2025,0,1,0.00%,68.0
the punisher 2004,0,1,0.00%,77.0
the rock 1996,0,1,0.00%,80.0
the rock 1996 film,0,1,0.00%,78.0
the rock film 1996,0,1,0.00%,78.0
the rooster film,0,1,0.00%,25.0
the show fosters,0,1,0.00%,42.0
the siege of ruby ridge movie,0,1,0.00%,71.0
the sisters,0,1,0.00%,85.0
the stranger 2024,0,1,0.00%,23.0
the ticket film,0,1,0.00%,76.0
the ticket movie,0,1,0.00%,77.0
the truth about jane,0,1,0.00%,72.0
thor 1 thor,0,1,0.00%,86.0
thor film movie,0,1,0.00%,71.0
tokyo ghoul trama,0,1,0.00%,93.0
tom cruise top gun film,0,1,0.00%,82.0
tony lo svelto,0,1,0.00%,87.0
totaro film,0,1,0.00%,88.0
trama di eclipse,0,1,0.00%,99.0
transatlantico poseidon,0,1,0.00%,81.0
triangle,0,1,0.00%,96.0
trinciabue matilda,0,1,0.00%,75.0
truman show truman,0,1,0.00%,91.0
tutte le ragazze,0,1,0.00%,84.0
tutto quello che voglio,0,1,0.00%,77.0
tv serie salem,0,1,0.00%,73.0
tv series canon,0,1,0.00%,65.0
tv series nikita,0,1,0.00%,61.0
tv shows with lucifer,0,1,0.00%,84.0
tv tabù,0,1,0.00%,69.0
ultimo mohicani,0,1,0.00%,84.0
ultimo moicani,0,1,0.00%,64.0
un fidanzato venuto dal futuro,0,1,0.00%,47.0
un viaggio verso un sogno,0,1,0.00%,53.0
una pallottola spuntat,0,1,0.00%,88.0
unfaithful l amore infedele,0,1,0.00%,43.0
uno di famiglia 2025,0,1,0.00%,90.0
untogether,0,1,0.00%,81.0
untouchable film 2011,0,1,0.00%,64.0
up down film,0,1,0.00%,83.0
vacancy 2007,0,1,0.00%,69.0
vacancy film,0,1,0.00%,79.0
vanished serie tv 2026,0,1,0.00%,83.0
velluto nero,0,1,0.00%,96.0
venom film 2018,0,1,0.00%,95.0
vita da jim,0,1,0.00%,82.0
vita secondo jim,0,1,0.00%,76.0
walk to remember film,0,1,0.00%,66.0
war machine 2017,0,1,0.00%,94.0
william shakespeare romeo and juliet film,0,1,0.00%,53.0
winter on fire film,0,1,0.00%,72.0
woman scorned,0,1,0.00%,72.0
wordwall mare fuori,0,1,0.00%,72.0
xanadu 1980,0,1,0.00%,43.0
young sherlock holmes 2026,0,1,0.00%,75.0
yugi muto,0,1,0.00%,79.0
élite,0,1,0.00%,72.0
